date,mean,max,min
4/20/2021,14.41,20.36,8.79
4/19/2021,14.68,19.95,9.54
4/18/2021,14.51,20.49,8.74
4/17/2021,12.2,16.5,7.71
4/16/2021,11.67,15.83,7.71
4/15/2021,12.71,16.86,8.94
4/14/2021,14.16,18.95,9.67
4/13/2021,14.2,18.96,9.95
4/12/2021,13.73,18.12,9.9
4/11/2021,14.69,19.47,9.93
4/10/2021,15.56,21.08,10.71
4/9/2021,15.12,19.79,11.38
4/8/2021,16.22,22.32,11.06
4/7/2021,17.23,23.54,12.28
4/6/2021,16.79,22.9,11.12
4/5/2021,16.0,22.15,10.41
4/4/2021,14.73,21.29,8.61
4/3/2021,11.02,17.89,4.91
4/2/2021,8.33,13.47,3.12
4/1/2021,10.43,16.64,5.31
3/31/2021,13.77,19.65,8.39
3/30/2021,13.38,19.41,7.88
3/29/2021,11.88,17.69,6.4
3/28/2021,13.52,19.01,8.26
3/27/2021,14.61,20.98,9.36
3/26/2021,14.34,20.91,9.37
3/25/2021,13.13,17.74,9.23
3/24/2021,13.02,16.58,9.3
3/23/2021,12.91,18.45,8.41
3/22/2021,11.88,17.36,6.65
3/21/2021,11.13,17.44,4.89
3/20/2021,9.61,16.28,3.88
3/19/2021,8.09,12.55,3.99
3/18/2021,9.51,13.01,6.48
3/17/2021,9.12,13.55,4.77
3/16/2021,7.16,11.0,3.73
3/15/2021,6.34,10.54,2.4
3/14/2021,8.07,12.82,3.57
3/13/2021,9.85,14.99,4.98
3/12/2021,13.42,17.78,9.31
3/11/2021,13.21,18.95,8.32
3/10/2021,11.97,16.66,7.64
3/9/2021,12.18,18.34,6.54
3/8/2021,8.66,14.6,3.04
3/7/2021,6.88,12.22,2.15
3/6/2021,6.63,11.08,2.76
3/5/2021,6.47,12.03,1.51
3/4/2021,7.71,12.62,2.04
3/3/2021,8.22,14.94,2.29
3/2/2021,4.97,10.24,-0.01
3/1/2021,7.93,13.13,2.96
2/28/2021,10.07,13.94,6.62
2/27/2021,9.59,14.24,5.58
2/26/2021,7.71,12.45,3.31
2/25/2021,8.54,12.51,4.75
2/24/2021,10.17,15.98,5.08
2/23/2021,9.22,14.97,4.11
2/22/2021,6.97,11.98,2.47
2/21/2021,4.35,9.72,-1.05
2/20/2021,2.3,7.08,-2.32
2/19/2021,1.45,5.37,-2.28
2/18/2021,0.67,3.5,-1.98
2/17/2021,0.47,4.22,-3.92
2/16/2021,2.01,6.56,-2.33
2/15/2021,-0.33,2.36,-2.69
2/14/2021,-0.14,2.55,-2.74
2/13/2021,-0.31,2.01,-2.58
2/12/2021,0.11,2.57,-2.36
2/11/2021,1.28,4.32,-1.67
2/10/2021,2.44,5.88,-0.67
2/9/2021,2.93,6.47,0.09
2/8/2021,1.51,5.89,-2.71
2/7/2021,2.33,6.93,-1.86
2/6/2021,4.65,9.36,0.48
2/5/2021,5.35,9.88,1.76
2/4/2021,6.27,10.48,1.94
2/3/2021,4.96,9.43,1.16
2/2/2021,4.72,8.29,1.76
2/1/2021,4.42,7.77,1.28
1/31/2021,3.75,7.35,0.66
1/30/2021,3.43,8.02,-0.66
1/29/2021,1.34,4.97,-2.34
1/28/2021,2.16,6.0,-1.69
1/27/2021,3.98,6.74,1.15
1/26/2021,4.29,6.97,1.49
1/25/2021,4.71,7.83,1.54
1/24/2021,3.45,6.85,0.47
1/23/2021,2.88,6.48,-0.46
1/22/2021,6.02,9.34,2.98
1/21/2021,6.43,10.81,2.52
1/20/2021,5.8,9.94,1.48
1/19/2021,6.71,10.54,3.67
1/18/2021,6.8,11.32,3.01
1/17/2021,7.07,11.79,3.27
1/16/2021,7.26,11.73,3.84
1/15/2021,7.65,12.4,3.63
1/14/2021,7.8,13.41,3.5
1/13/2021,6.26,11.55,1.95
1/12/2021,4.81,9.69,0.94
1/11/2021,3.24,7.06,0.14
1/10/2021,3.63,7.74,0.38
1/9/2021,3.61,7.82,-0.12
1/8/2021,3.9,7.31,1.13
1/7/2021,5.24,9.15,2.44
1/6/2021,6.22,10.05,3.42
1/5/2021,6.14,9.48,3.56
1/4/2021,6.11,10.07,2.91
1/3/2021,5.6,8.93,2.9
1/2/2021,6.53,10.9,3.34
1/1/2021,5.05,8.68,1.68
12/31/2020,6.24,9.75,2.67
12/30/2020,5.85,10.77,1.46
12/29/2020,4.92,9.05,0.93
12/28/2020,6.71,10.83,2.54
12/27/2020,5.47,10.39,0.97
12/26/2020,3.11,7.99,-0.99
12/25/2020,5.28,11.6,-0.61
12/24/2020,6.98,11.6,1.95
12/23/2020,7.98,12.53,2.93
12/22/2020,7.81,12.26,3.84
12/21/2020,8.05,13.5,4.17
12/20/2020,6.15,10.73,2.43
12/19/2020,4.55,8.56,0.76
12/18/2020,3.52,7.5,0.04
12/17/2020,3.03,6.36,-0.12
12/16/2020,3.02,6.16,0.33
12/15/2020,3.68,7.12,0.41
12/14/2020,5.17,8.47,2.38
12/13/2020,8.69,12.8,4.96
12/12/2020,9.5,13.32,5.69
12/11/2020,9.32,13.85,4.92
12/10/2020,8.49,13.86,3.59
12/9/2020,7.24,12.71,3.03
12/8/2020,6.07,11.19,2.49
12/7/2020,5.68,10.14,2.09
12/6/2020,6.02,10.14,2.55
12/5/2020,6.91,11.58,2.94
12/4/2020,7.97,12.49,4.73
12/3/2020,6.85,11.8,2.56
12/2/2020,6.46,11.59,2.54
12/1/2020,7.16,12.69,2.07
11/30/2020,9.54,14.58,5.25
11/29/2020,8.7,13.85,4.52
11/28/2020,9.69,14.46,5.47
11/27/2020,11.28,15.29,7.75
11/26/2020,12.28,16.48,8.67
11/25/2020,10.65,14.5,6.88
11/24/2020,9.06,13.15,5.44
11/23/2020,9.95,14.24,5.95
11/22/2020,10.79,15.38,7.2
11/21/2020,12.72,17.81,8.71
11/20/2020,13.2,18.69,8.6
11/19/2020,10.51,15.8,5.22
11/18/2020,8.15,12.17,4.5
11/17/2020,9.89,15.16,5.22
11/16/2020,11.57,17.12,7.22
11/15/2020,12.42,18.96,6.26
11/14/2020,11.01,15.33,6.88
11/13/2020,10.66,14.66,7.25
11/12/2020,11.98,18.12,6.89
11/11/2020,14.1,18.29,10.17
11/10/2020,15.97,21.18,10.71
11/9/2020,15.36,21.2,10.77
11/8/2020,15.49,20.97,10.81
11/7/2020,15.96,21.64,11.06
11/6/2020,16.6,22.23,11.79
11/5/2020,16.57,23.34,11.33
11/4/2020,14.75,22.0,8.35
11/3/2020,12.28,18.87,6.89
11/2/2020,9.88,15.21,5.54
11/1/2020,10.07,15.79,5.03
10/31/2020,10.08,16.2,4.63
10/30/2020,9.73,14.87,5.81
10/29/2020,12.33,17.31,8.02
10/28/2020,12.26,16.36,9.06
10/27/2020,11.83,15.35,8.66
10/26/2020,11.47,14.9,8.52
10/25/2020,11.24,14.08,8.58
10/24/2020,14.35,18.3,10.1
10/23/2020,17.23,22.15,13.33
10/22/2020,18.44,22.96,14.82
10/21/2020,18.08,22.7,14.85
10/20/2020,17.27,22.42,13.51
10/19/2020,16.07,20.65,12.45
10/18/2020,15.9,21.26,11.0
10/17/2020,15.01,20.72,9.62
10/16/2020,15.32,21.18,10.53
10/15/2020,18.36,24.04,13.41
10/14/2020,18.43,25.53,12.12
10/13/2020,17.63,23.11,12.89
10/12/2020,17.84,22.68,13.96
10/11/2020,19.4,23.27,15.99
10/10/2020,19.89,24.27,16.01
10/9/2020,18.89,24.28,14.01
10/8/2020,18.26,23.05,14.27
10/7/2020,20.07,26.31,14.87
10/6/2020,18.67,25.32,13.07
10/5/2020,17.34,23.29,12.4
10/4/2020,17.2,22.84,12.19
10/3/2020,17.03,23.19,12.13
10/2/2020,17.74,23.39,13.14
10/1/2020,19.5,25.53,14.74
9/30/2020,19.74,25.98,14.53
9/29/2020,19.97,24.93,15.66
9/28/2020,20.87,25.94,17.25
9/27/2020,22.11,26.85,18.12
9/26/2020,21.39,26.12,17.51
9/25/2020,21.05,26.14,17.07
9/24/2020,21.04,25.79,17.06
9/23/2020,20.81,26.48,15.81
9/22/2020,19.12,24.87,14.22
9/21/2020,18.16,23.17,13.57
9/20/2020,17.78,23.11,12.66
9/19/2020,17.95,22.96,13.35
9/18/2020,20.67,25.23,16.38
9/17/2020,22.2,27.14,17.88
9/16/2020,21.47,27.22,16.45
9/15/2020,20.45,25.62,15.98
9/14/2020,22.46,27.15,17.58
9/13/2020,22.02,27.05,17.58
9/12/2020,21.26,26.2,17.4
9/11/2020,21.9,26.16,18.04
9/10/2020,22.36,26.98,19.08
9/9/2020,22.46,26.39,18.85
9/8/2020,22.95,27.48,19.37
9/7/2020,24.7,30.02,20.08
9/6/2020,25.39,32.09,19.76
9/5/2020,24.62,30.68,19.29
9/4/2020,24.99,30.84,20.16
9/3/2020,25.29,30.82,21.26
9/2/2020,24.57,29.08,20.91
9/1/2020,23.63,27.89,20.04
8/31/2020,23.21,27.53,19.35
8/30/2020,23.55,28.29,19.11
8/29/2020,25.02,29.61,21.34
8/28/2020,26.04,31.6,21.66
8/27/2020,26.59,32.63,22.07
8/26/2020,25.45,30.29,21.37
8/25/2020,27.29,32.5,22.61
8/24/2020,27.37,32.56,22.83
8/23/2020,26.63,31.94,22.31
8/22/2020,26.57,31.96,21.94
8/21/2020,25.61,30.91,20.65
8/20/2020,24.85,30.64,19.25
8/19/2020,24.96,29.78,20.63
8/18/2020,25.89,31.54,20.66
8/17/2020,25.38,31.17,20.74
8/16/2020,25.38,30.4,21.27
8/15/2020,26.79,32.23,22.57
8/14/2020,27.14,32.59,22.44
8/13/2020,26.24,30.9,21.54
8/12/2020,26.3,31.82,21.57
8/11/2020,26.54,31.35,22.41
8/10/2020,27.06,32.92,22.08
8/9/2020,26.21,31.72,21.2
8/8/2020,25.22,30.38,20.75
8/7/2020,24.56,29.16,20.13
8/6/2020,24.65,29.12,20.59
8/5/2020,25.28,30.01,20.61
8/4/2020,24.47,28.97,20.55
8/3/2020,26.0,30.87,21.14
8/2/2020,26.28,31.21,21.96
8/1/2020,25.91,30.87,21.41
7/31/2020,25.67,30.67,21.51
7/30/2020,27.26,32.51,22.81
7/29/2020,26.78,31.68,22.53
7/28/2020,27.15,32.04,22.54
7/27/2020,27.86,32.93,23.18
7/26/2020,27.53,32.91,22.73
7/25/2020,26.07,31.4,21.24
7/24/2020,24.97,29.6,20.69
7/23/2020,25.66,30.7,21.81
7/22/2020,25.89,31.36,21.66
7/21/2020,27.0,32.06,22.81
7/20/2020,27.94,32.72,23.63
7/19/2020,27.7,32.84,23.07
7/18/2020,27.49,33.03,22.25
7/17/2020,25.92,31.37,21.35
7/16/2020,25.17,29.77,21.29
7/15/2020,25.56,30.25,21.14
7/14/2020,26.07,30.92,21.02
7/13/2020,26.5,31.4,21.68
7/12/2020,27.02,32.24,22.29
7/11/2020,26.82,32.16,22.21
7/10/2020,25.91,30.5,22.04
7/9/2020,27.09,32.15,22.45
7/8/2020,26.49,31.3,22.06
7/7/2020,25.65,30.46,21.27
7/6/2020,26.58,32.63,21.23
7/5/2020,26.83,33.05,21.42
7/4/2020,25.67,31.47,20.75
7/3/2020,26.47,32.12,20.84
7/2/2020,25.89,31.68,20.41
7/1/2020,24.21,29.04,19.85
6/30/2020,24.03,28.49,20.29
6/29/2020,24.8,29.76,20.76
6/28/2020,25.3,29.72,21.38
6/27/2020,25.26,29.35,21.31
6/26/2020,25.03,29.9,20.55
6/25/2020,24.82,30.0,20.29
6/24/2020,24.74,29.48,20.41
6/23/2020,24.73,29.64,20.25
6/22/2020,25.04,30.62,20.4
6/21/2020,24.73,29.65,20.67
6/20/2020,24.44,29.63,19.92
6/19/2020,23.93,29.35,18.79
6/18/2020,22.92,28.13,18.18
6/17/2020,22.33,27.21,17.28
6/16/2020,21.89,26.85,16.9
6/15/2020,21.14,26.18,16.49
6/14/2020,20.38,25.7,15.05
6/13/2020,20.99,25.59,16.41
6/12/2020,23.68,28.68,18.42
6/11/2020,23.74,29.12,18.69
6/10/2020,24.88,30.4,19.6
6/9/2020,25.05,31.1,19.07
6/8/2020,23.0,28.37,17.59
6/7/2020,22.25,26.43,17.37
6/6/2020,23.81,28.92,18.95
6/5/2020,24.22,28.97,20.33
6/4/2020,24.94,30.58,20.01
6/3/2020,24.37,30.18,19.11
6/2/2020,22.89,28.45,17.3
6/1/2020,20.15,25.5,14.62
5/31/2020,19.72,24.29,15.27
5/30/2020,22.28,27.21,17.75
5/29/2020,22.8,27.58,18.66
5/28/2020,22.37,27.38,18.17
5/27/2020,22.13,28.26,17.51
5/26/2020,21.79,27.48,16.98
5/25/2020,20.38,25.52,15.98
5/24/2020,19.66,25.47,14.72
5/23/2020,19.9,24.73,15.41
5/22/2020,19.76,25.13,15.21
5/21/2020,17.58,23.07,12.63
5/20/2020,16.76,20.74,13.26
5/19/2020,17.52,21.61,13.85
5/18/2020,18.35,22.7,14.02
5/17/2020,19.05,23.76,15.22
5/16/2020,20.32,24.97,15.98
5/15/2020,21.2,26.97,16.14
5/14/2020,17.95,22.89,12.82
5/13/2020,15.53,21.22,10.0
5/12/2020,14.34,19.0,9.82
5/11/2020,14.58,18.86,10.42
5/10/2020,14.99,21.21,8.94
5/9/2020,12.41,17.61,6.97
5/8/2020,14.82,20.22,9.99
5/7/2020,16.89,23.44,10.35
5/6/2020,15.36,20.24,10.37
5/5/2020,16.3,21.33,11.41
5/4/2020,18.04,23.32,12.04
5/3/2020,20.01,25.8,14.25
5/2/2020,19.24,25.04,13.47
5/1/2020,17.14,22.55,11.95
4/30/2020,16.16,20.49,11.99
4/29/2020,16.16,21.0,12.12
4/28/2020,16.72,22.91,11.21
4/27/2020,14.41,19.45,9.34
4/26/2020,14.63,19.04,10.24
4/25/2020,15.53,21.13,10.7
4/24/2020,14.85,19.57,10.56
4/23/2020,14.22,19.11,10.11
4/22/2020,12.88,18.22,7.8
4/21/2020,13.53,18.82,8.81
4/20/2020,13.94,18.37,9.48
4/19/2020,13.5,19.01,8.29
4/18/2020,11.1,14.86,7.41
4/17/2020,10.72,15.3,6.09
4/16/2020,10.44,15.02,5.53
4/15/2020,10.3,15.37,5.48
4/14/2020,10.92,15.62,6.62
4/13/2020,12.96,18.06,9.13
4/12/2020,13.91,18.83,8.81
4/11/2020,12.01,17.14,6.69
4/10/2020,10.42,14.17,6.65
4/9/2020,12.83,17.05,9.36
4/8/2020,16.06,21.7,11.85
4/7/2020,16.23,21.72,11.83
4/6/2020,14.32,19.57,9.61
4/5/2020,12.75,17.86,8.64
4/4/2020,11.52,16.56,7.73
4/3/2020,12.45,16.96,7.93
4/2/2020,11.85,16.93,6.84
4/1/2020,10.97,15.77,6.66
3/31/2020,10.69,14.2,7.44
3/30/2020,11.95,16.12,8.59
3/29/2020,12.39,16.41,9.34
3/28/2020,12.99,16.9,9.64
3/27/2020,14.0,18.48,9.86
3/26/2020,11.49,17.08,6.56
3/25/2020,10.76,14.53,7.58
3/24/2020,10.89,15.35,7.13
3/23/2020,9.21,12.39,6.94
3/22/2020,7.97,11.97,4.29
3/21/2020,9.44,15.43,5.83
3/20/2020,13.82,20.66,7.71
3/19/2020,12.19,16.55,8.73
3/18/2020,11.05,15.32,7.24
3/17/2020,10.46,14.8,6.92
3/16/2020,8.35,11.97,4.67
3/15/2020,9.45,13.13,6.61
3/14/2020,10.22,13.45,7.49
3/13/2020,12.51,17.43,8.53
3/12/2020,11.92,15.98,8.45
3/11/2020,12.45,17.05,8.83
3/10/2020,14.12,18.43,9.95
3/9/2020,14.05,20.06,8.77
3/8/2020,11.15,16.31,6.61
3/7/2020,8.22,12.92,4.24
3/6/2020,8.66,12.67,5.1
3/5/2020,10.44,15.85,5.97
3/4/2020,11.58,16.04,7.57
3/3/2020,12.81,17.64,8.87
3/2/2020,11.22,15.98,6.02
3/1/2020,7.75,12.75,2.12
2/29/2020,5.7,9.93,1.49
2/28/2020,6.62,11.75,2.26
2/27/2020,6.71,11.68,1.42
2/26/2020,8.08,11.31,4.95
2/25/2020,9.78,13.49,6.23
2/24/2020,9.89,15.03,5.41
2/23/2020,9.04,14.39,4.03
2/22/2020,6.83,12.48,1.72
2/21/2020,3.63,8.91,-1.43
2/20/2020,3.84,8.14,-0.11
2/19/2020,6.81,10.66,2.67
2/18/2020,8.75,13.15,4.7
2/17/2020,8.88,13.71,4.63
2/16/2020,7.12,12.01,2.78
2/15/2020,2.61,7.85,-3.12
2/14/2020,1.91,7.38,-3.44
2/13/2020,5.18,9.34,0.99
2/12/2020,6.8,10.37,3.71
2/11/2020,7.73,10.85,5.1
2/10/2020,8.55,11.99,5.03
2/9/2020,6.59,10.38,2.78
2/8/2020,5.35,9.83,1.54
2/7/2020,6.18,12.33,1.49
2/6/2020,5.0,8.33,2.12
2/5/2020,5.41,10.19,2.55
2/4/2020,8.71,13.13,4.36
2/3/2020,9.47,14.24,4.39
2/2/2020,8.72,13.97,4.03
2/1/2020,7.8,12.33,3.91
1/31/2020,6.92,11.11,3.0
1/30/2020,4.84,8.34,1.76
1/29/2020,5.92,8.95,3.29
1/28/2020,7.04,10.19,4.48
1/27/2020,7.38,10.76,4.48
1/26/2020,7.73,10.69,5.03
1/25/2020,7.87,11.87,4.69
1/24/2020,7.73,12.51,4.01
1/23/2020,6.47,10.66,2.49
1/22/2020,3.84,7.92,0.2
1/21/2020,2.18,5.95,-1.29
1/20/2020,2.02,5.59,-1.02
1/19/2020,4.16,8.79,-0.35
1/18/2020,4.2,9.65,-0.68
1/17/2020,2.98,7.0,-0.33
1/16/2020,6.98,10.73,2.76
1/15/2020,9.03,13.16,5.6
1/14/2020,8.09,11.66,5.01
1/13/2020,6.83,10.07,3.77
1/12/2020,9.28,13.57,4.29
1/11/2020,10.25,15.26,5.56
1/10/2020,9.48,13.87,4.76
1/9/2020,5.53,9.41,1.26
1/8/2020,4.89,9.57,0.76
1/7/2020,7.06,11.73,3.27
1/6/2020,7.1,12.51,2.33
1/5/2020,6.31,10.99,2.29
1/4/2020,8.32,12.36,4.43
1/3/2020,9.52,13.03,6.65
1/2/2020,8.12,12.28,4.28
1/1/2020,6.34,10.21,2.56
12/31/2019,6.23,9.88,3.04
12/30/2019,6.82,10.41,3.65
12/29/2019,8.47,11.22,5.53
12/28/2019,9.09,12.97,5.48
12/27/2019,9.24,12.58,5.98
12/26/2019,7.95,12.18,3.95
12/25/2019,7.25,12.27,2.92
12/24/2019,7.63,12.44,3.4
12/23/2019,8.15,13.7,4.01
12/22/2019,6.82,11.82,2.65
12/21/2019,5.11,9.69,1.6
12/20/2019,3.84,8.74,-0.33
12/19/2019,1.05,6.01,-3.27
12/18/2019,2.46,6.71,-2.08
12/17/2019,3.48,6.9,0.33
12/16/2019,4.91,8.24,2.1
12/15/2019,7.25,10.79,3.71
12/14/2019,8.92,12.34,5.67
12/13/2019,7.45,11.53,3.61
12/12/2019,4.89,9.29,0.66
12/11/2019,3.94,7.96,0.85
12/10/2019,8.22,12.74,3.39
12/9/2019,10.68,14.76,6.37
12/8/2019,7.68,11.67,3.45
12/7/2019,6.63,9.92,3.47
12/6/2019,8.51,12.7,4.42
12/5/2019,8.05,11.68,4.49
12/4/2019,7.11,10.52,4.02
12/3/2019,5.67,9.44,2.42
12/2/2019,5.23,8.58,2.6
12/1/2019,6.01,9.56,2.86
11/30/2019,7.13,10.54,3.87
11/29/2019,5.97,9.29,3.08
11/28/2019,7.54,10.48,4.72
11/27/2019,10.08,13.91,6.4
11/26/2019,10.76,15.03,6.5
11/25/2019,9.66,14.99,4.94
11/24/2019,8.49,13.42,4.53
11/23/2019,7.16,11.54,3.09
11/22/2019,9.28,13.29,4.98
11/21/2019,10.47,14.53,6.5
11/20/2019,9.79,13.49,6.53
11/19/2019,10.25,14.66,6.76
11/18/2019,9.59,14.24,5.98
11/17/2019,8.22,13.8,2.96
11/16/2019,7.1,12.09,3.15
11/15/2019,7.93,12.96,3.79
11/14/2019,6.04,10.34,2.07
11/13/2019,2.89,7.2,-1.02
11/12/2019,5.0,11.04,-0.23
11/11/2019,10.44,16.27,4.98
11/10/2019,10.63,16.05,5.52
11/9/2019,7.64,13.52,2.52
11/8/2019,6.67,11.57,2.25
11/7/2019,10.4,15.37,5.69
11/6/2019,11.65,16.84,7.37
11/5/2019,12.6,17.68,8.35
11/4/2019,11.64,17.36,5.97
11/3/2019,10.49,16.28,5.4
11/2/2019,9.25,15.28,4.75
11/1/2019,9.29,16.6,4.33
10/31/2019,12.33,17.25,7.6
10/30/2019,12.19,15.64,9.08
10/29/2019,12.06,15.55,9.11
10/28/2019,13.27,17.26,9.84
10/27/2019,14.86,19.62,10.87
10/26/2019,14.66,19.32,10.69
10/25/2019,14.5,19.68,10.28
10/24/2019,15.47,21.77,10.13
10/23/2019,15.95,21.4,11.19
10/22/2019,16.07,20.72,12.18
10/21/2019,16.81,22.36,12.32
10/20/2019,15.65,20.36,11.72
10/19/2019,14.35,20.44,9.05
10/18/2019,13.78,18.65,9.53
10/17/2019,14.12,18.04,11.05
10/16/2019,15.95,20.97,11.72
10/15/2019,16.52,22.25,11.49
10/14/2019,16.35,21.98,11.72
10/13/2019,15.0,20.68,10.26
10/12/2019,14.56,20.32,9.88
10/11/2019,16.05,21.83,10.52
10/10/2019,17.64,23.18,12.89
10/9/2019,16.67,21.63,12.19
10/8/2019,17.42,22.3,13.25
10/7/2019,19.86,25.25,14.36
10/6/2019,19.42,24.78,13.95
10/5/2019,16.6,22.26,11.39
10/4/2019,17.96,22.51,13.25
10/3/2019,18.9,24.9,14.9
10/2/2019,22.61,29.78,17.58
10/1/2019,21.96,27.67,17.27
9/30/2019,20.54,24.8,16.46
9/29/2019,21.51,25.38,17.63
9/28/2019,21.61,26.09,17.64
9/27/2019,20.98,25.88,16.76
9/26/2019,21.98,27.09,18.05
9/25/2019,22.27,28.18,17.04
9/24/2019,22.51,27.47,18.08
9/23/2019,23.94,29.16,19.47
9/22/2019,23.86,29.55,18.81
9/21/2019,23.12,29.28,17.98
9/20/2019,21.86,27.62,16.67
9/19/2019,20.49,25.47,16.21
9/18/2019,21.3,25.97,17.34
9/17/2019,22.47,27.11,18.54
9/16/2019,23.75,28.19,19.91
9/15/2019,24.36,29.63,20.02
9/14/2019,23.52,28.58,18.51
9/13/2019,22.87,27.96,18.46
9/12/2019,24.33,29.93,18.81
9/11/2019,25.0,30.78,20.46
9/10/2019,23.77,28.4,20.2
9/9/2019,22.9,27.49,18.97
9/8/2019,22.58,27.11,18.38
9/7/2019,22.94,28.57,18.06
9/6/2019,22.79,26.97,19.14
9/5/2019,24.01,29.08,19.78
9/4/2019,25.57,31.33,20.77
9/3/2019,25.36,30.62,20.72
9/2/2019,24.92,30.12,20.67
9/1/2019,24.05,28.84,19.64
8/31/2019,24.61,29.56,20.13
8/30/2019,25.16,30.79,19.88
8/29/2019,24.54,30.1,19.41
8/28/2019,23.98,28.51,19.72
8/27/2019,23.74,28.7,19.73
8/26/2019,23.16,27.81,19.01
8/25/2019,23.26,27.94,19.04
8/24/2019,23.14,27.77,18.89
8/23/2019,23.52,27.62,19.72
8/22/2019,26.1,31.27,21.61
8/21/2019,26.38,31.86,21.66
8/20/2019,26.57,31.76,22.2
8/19/2019,26.49,32.21,21.85
8/18/2019,26.05,31.45,22.01
8/17/2019,25.7,30.47,21.8
8/16/2019,25.01,30.1,20.53
8/15/2019,25.15,30.61,20.87
8/14/2019,25.48,30.57,21.27
8/13/2019,25.94,30.41,22.3
8/12/2019,25.98,31.17,20.8
8/11/2019,24.63,29.58,19.87
8/10/2019,24.89,29.51,20.34
8/9/2019,25.46,30.37,21.13
8/8/2019,25.28,30.6,20.44
8/7/2019,25.6,31.02,21.25
8/6/2019,25.68,30.58,21.68
8/5/2019,26.06,31.08,21.31
8/4/2019,26.22,31.93,21.71
8/3/2019,26.25,31.54,21.24
8/2/2019,25.86,30.61,21.28
8/1/2019,25.61,30.95,20.66
7/31/2019,25.19,30.76,20.39
7/30/2019,26.78,32.1,22.18
7/29/2019,27.05,32.24,21.56
7/28/2019,27.25,32.35,22.15
7/27/2019,26.52,31.5,21.67
7/26/2019,26.04,31.36,20.73
7/25/2019,25.35,30.76,20.09
7/24/2019,24.6,30.02,19.33
7/23/2019,23.79,28.0,20.01
7/22/2019,25.93,31.01,21.51
7/21/2019,28.21,33.21,23.67
7/20/2019,28.62,33.69,23.99
7/19/2019,27.32,32.73,22.25
7/18/2019,25.82,30.1,21.97
7/17/2019,27.41,32.38,22.92
7/16/2019,26.99,32.25,22.19
7/15/2019,26.43,31.36,21.57
7/14/2019,27.02,31.65,22.56
7/13/2019,26.55,31.97,21.53
7/12/2019,26.2,31.6,21.43
7/11/2019,25.95,30.95,21.75
7/10/2019,26.71,31.82,21.87
7/9/2019,25.66,31.15,20.27
7/8/2019,23.91,28.36,20.05
7/7/2019,24.94,29.29,21.37
7/6/2019,25.87,30.91,22.14
7/5/2019,25.72,30.52,21.62
7/4/2019,25.83,31.02,21.35
7/3/2019,25.68,30.08,21.83
7/2/2019,25.92,30.84,21.09
7/1/2019,25.31,30.71,19.84
6/30/2019,25.34,30.48,20.93
6/29/2019,25.83,32.07,19.87
6/28/2019,25.61,31.38,20.57
6/27/2019,25.32,30.36,20.47
6/26/2019,24.93,30.01,19.78
6/25/2019,23.97,28.69,19.88
6/24/2019,23.52,28.46,18.66
6/23/2019,23.53,28.63,18.16
6/22/2019,22.69,27.43,18.24
6/21/2019,22.33,26.76,18.45
6/20/2019,22.28,27.01,18.63
6/19/2019,22.52,27.04,18.94
6/18/2019,22.58,26.79,18.95
6/17/2019,22.41,26.65,18.93
6/16/2019,22.39,26.91,18.52
6/15/2019,22.54,27.65,17.12
6/14/2019,20.93,26.08,15.76
6/13/2019,20.08,24.12,15.82
6/12/2019,22.04,27.1,17.1
6/11/2019,22.89,28.32,17.51
6/10/2019,22.0,27.22,17.26
6/9/2019,22.12,27.43,17.5
6/8/2019,22.23,27.05,17.86
6/7/2019,22.05,26.67,18.04
6/6/2019,23.03,27.49,19.01
6/5/2019,22.78,27.89,18.46
6/4/2019,20.77,26.39,15.13
6/3/2019,20.11,24.84,15.65
6/2/2019,21.56,26.63,17.09
6/1/2019,21.72,27.31,16.93
5/31/2019,22.11,27.6,17.19
5/30/2019,20.23,25.27,16.27
5/29/2019,20.09,24.73,16.05
5/28/2019,20.47,25.09,16.34
5/27/2019,21.11,25.65,16.5
5/26/2019,21.5,26.85,16.16
5/25/2019,20.43,25.02,16.12
5/24/2019,20.63,24.65,16.25
5/23/2019,19.88,24.01,15.94
5/22/2019,19.17,24.31,14.12
5/21/2019,17.57,21.52,13.87
5/20/2019,20.32,24.92,15.52
5/19/2019,19.39,24.07,14.92
5/18/2019,18.98,24.6,14.5
5/17/2019,19.26,24.26,14.45
5/16/2019,19.15,24.09,14.57
5/15/2019,17.66,22.99,12.11
5/14/2019,15.25,19.44,10.92
5/13/2019,14.38,18.15,10.57
5/12/2019,14.3,18.91,11.12
5/11/2019,16.87,21.28,12.97
5/10/2019,17.21,21.68,13.21
5/9/2019,16.98,20.7,13.36
5/8/2019,17.18,21.8,13.38
5/7/2019,16.57,21.19,12.55
5/6/2019,16.9,22.41,12.02
5/5/2019,16.17,20.48,12.16
5/4/2019,16.69,21.92,12.37
5/3/2019,15.42,19.15,12.07
5/2/2019,16.04,21.7,11.69
5/1/2019,15.58,19.38,11.74
4/30/2019,14.76,18.65,11.41
4/29/2019,14.19,18.63,9.83
4/28/2019,14.01,18.27,9.92
4/27/2019,14.47,19.05,10.21
4/26/2019,16.01,20.7,12.18
4/25/2019,16.68,21.72,12.23
4/24/2019,17.73,22.35,13.15
4/23/2019,17.76,23.74,12.84
4/22/2019,16.3,20.94,11.63
4/21/2019,15.58,20.97,10.75
4/20/2019,15.39,19.73,11.12
4/19/2019,16.05,21.4,11.91
4/18/2019,16.35,22.31,11.58
4/17/2019,15.37,20.4,10.89
4/16/2019,14.08,19.79,9.02
4/15/2019,12.84,18.35,7.26
4/14/2019,14.0,19.04,9.65
4/13/2019,15.52,20.58,10.97
4/12/2019,13.86,19.08,9.3
4/11/2019,12.64,16.85,8.39
4/10/2019,13.78,18.21,9.1
4/9/2019,15.47,19.97,10.98
4/8/2019,17.96,25.06,12.27
4/7/2019,15.91,21.04,11.06
4/6/2019,14.15,20.21,9.13
4/5/2019,11.41,15.24,8.59
4/4/2019,12.97,17.34,9.09
4/3/2019,12.79,18.74,6.98
4/2/2019,10.21,15.11,5.8
4/1/2019,8.71,13.56,4.05
3/31/2019,10.46,15.39,5.33
3/30/2019,13.3,18.85,7.55
3/29/2019,13.34,17.93,9.03
3/28/2019,11.56,17.01,6.29
3/27/2019,9.83,15.01,4.87
3/26/2019,9.37,14.55,4.4
3/25/2019,11.74,16.62,7.28
3/24/2019,11.9,17.58,6.01
3/23/2019,9.39,14.17,4.92
3/22/2019,9.57,13.98,5.44
3/21/2019,9.47,12.97,6.45
3/20/2019,10.04,14.85,5.61
3/19/2019,9.43,14.48,4.5
3/18/2019,8.72,13.97,4.14
3/17/2019,8.32,13.76,3.36
3/16/2019,9.46,15.18,4.51
3/15/2019,12.01,17.94,7.05
3/14/2019,11.98,17.32,6.93
3/13/2019,9.46,14.14,5.0
3/12/2019,8.12,12.04,4.68
3/11/2019,9.52,13.82,5.78
3/10/2019,8.73,13.09,4.87
3/9/2019,7.91,12.25,4.09
3/8/2019,5.8,9.61,1.76
3/7/2019,3.55,7.53,-0.8
3/6/2019,1.25,4.64,-2.35
3/5/2019,0.82,4.93,-3.33
3/4/2019,1.2,4.46,-2.08
3/3/2019,4.05,7.1,0.39
3/2/2019,5.65,8.39,2.76
3/1/2019,4.51,7.59,1.39
2/28/2019,4.15,7.94,0.91
2/27/2019,4.35,7.94,0.63
2/26/2019,4.13,8.51,0.25
2/25/2019,4.5,8.62,0.13
2/24/2019,6.69,12.01,1.78
2/23/2019,6.54,9.94,3.52
2/22/2019,5.66,8.92,2.44
2/21/2019,5.35,9.5,1.34
2/20/2019,3.0,6.36,0.02
2/19/2019,1.63,5.23,-2.04
2/18/2019,3.01,6.74,-0.63
2/17/2019,3.31,6.15,0.17
2/16/2019,4.61,8.22,1.1
2/15/2019,8.07,12.98,3.79
2/14/2019,7.89,12.19,3.3
2/13/2019,4.93,8.66,1.62
2/12/2019,4.78,8.73,0.31
2/11/2019,4.57,7.29,1.87
2/10/2019,2.33,5.77,-1.33
2/9/2019,0.6,3.91,-2.72
2/8/2019,3.1,8.2,-1.55
2/7/2019,6.59,11.17,1.26
2/6/2019,7.59,10.61,4.51
2/5/2019,9.29,14.52,4.68
2/4/2019,9.91,15.19,5.35
2/3/2019,8.58,13.5,4.54
2/2/2019,4.5,9.16,-0.2
2/1/2019,0.96,4.67,-2.62
1/31/2019,-2.98,1.06,-7.27
1/30/2019,-1.85,3.54,-7.23
1/29/2019,2.18,6.97,-2.38
1/28/2019,3.76,9.74,-0.95
1/27/2019,4.75,10.18,-0.66
1/26/2019,2.42,7.16,-2.26
1/25/2019,2.32,6.78,-2.28
1/24/2019,6.19,11.76,-0.19
1/23/2019,5.08,10.74,0.12
1/22/2019,2.22,6.9,-3.11
1/21/2019,-2.07,1.63,-5.78
1/20/2019,1.92,7.1,-3.55
1/19/2019,5.3,9.46,1.36
1/18/2019,6.16,9.28,3.13
1/17/2019,5.29,7.75,2.67
1/16/2019,5.36,8.51,2.27
1/15/2019,3.35,6.31,0.65
1/14/2019,2.43,5.72,-1.63
1/13/2019,3.04,5.91,0.33
1/12/2019,3.67,6.64,0.64
1/11/2019,2.94,6.44,-0.18
1/10/2019,3.57,6.58,0.68
1/9/2019,6.33,9.94,2.33
1/8/2019,8.82,13.01,4.32
1/7/2019,6.62,10.23,3.67
1/6/2019,7.83,11.89,2.87
1/5/2019,7.7,12.03,4.28
1/4/2019,6.47,11.49,2.45
1/3/2019,5.48,9.21,2.18
1/2/2019,4.04,7.02,1.26
1/1/2019,6.88,11.41,2.49
12/31/2018,6.6,10.65,2.76
12/30/2018,4.63,7.94,1.36
12/29/2018,6.22,9.91,2.48
12/28/2018,8.5,12.89,4.22
12/27/2018,7.52,11.24,4.43
12/26/2018,6.72,10.61,2.93
12/25/2018,6.32,9.78,3.45
12/24/2018,6.12,9.63,3.08
12/23/2018,6.69,10.14,3.34
12/22/2018,7.51,12.05,3.71
12/21/2018,10.14,13.56,6.59
12/20/2018,8.13,12.73,4.52
12/19/2018,6.79,11.51,2.44
12/18/2018,5.98,10.38,2.12
12/17/2018,7.76,11.71,4.66
12/16/2018,7.6,12.26,3.83
12/15/2018,8.92,12.3,6.06
12/14/2018,8.29,11.53,4.94
12/13/2018,7.28,11.65,2.89
12/12/2018,6.42,10.05,3.0
12/11/2018,4.72,9.45,0.69
12/10/2018,4.01,7.93,0.62
12/9/2018,3.42,6.73,0.8
12/8/2018,3.13,6.57,0.04
12/7/2018,4.61,8.0,1.2
12/6/2018,4.54,7.24,1.47
12/5/2018,3.62,6.96,0.7
12/4/2018,5.08,8.46,1.77
12/3/2018,8.85,12.01,5.27
12/2/2018,10.12,14.18,6.44
12/1/2018,8.95,12.02,5.6
11/30/2018,8.94,11.55,6.58
11/29/2018,7.98,11.27,5.2
11/28/2018,6.31,9.44,3.14
11/27/2018,6.33,10.07,2.76
11/26/2018,7.99,12.21,4.52
11/25/2018,10.26,14.16,6.4
11/24/2018,8.87,13.4,4.38
11/23/2018,5.85,9.97,1.31
11/22/2018,4.42,8.35,1.25
11/21/2018,6.75,11.11,2.09
11/20/2018,7.7,11.44,3.98
11/19/2018,7.7,11.81,3.95
11/18/2018,7.5,11.89,4.08
11/17/2018,8.4,12.57,4.46
11/16/2018,7.72,12.44,3.35
11/15/2018,5.09,10.03,1.24
11/14/2018,5.09,9.51,1.38
11/13/2018,6.49,10.26,3.16
11/12/2018,7.07,10.77,2.7
11/11/2018,6.68,11.24,2.58
11/10/2018,6.75,10.88,2.59
11/9/2018,9.01,13.16,4.56
11/8/2018,10.91,14.39,7.9
11/7/2018,13.43,17.05,9.9
11/6/2018,14.41,18.33,10.87
11/5/2018,13.68,17.21,10.29
11/4/2018,13.64,18.08,9.72
11/3/2018,13.69,19.01,8.96
11/2/2018,15.65,19.97,11.57
11/1/2018,15.37,19.84,11.63
10/31/2018,14.78,19.49,9.93
10/30/2018,13.8,18.56,9.57
10/29/2018,13.76,17.65,9.84
10/28/2018,13.79,18.4,10.2
10/27/2018,13.14,17.44,9.35
10/26/2018,12.18,16.04,9.07
10/25/2018,11.87,15.76,8.64
10/24/2018,12.56,16.63,9.21
10/23/2018,13.8,19.08,9.48
10/22/2018,12.25,18.01,7.66
10/21/2018,11.87,16.55,7.7
10/20/2018,15.5,20.47,11.45
10/19/2018,14.56,19.96,9.37
10/18/2018,12.62,17.44,7.95
10/17/2018,13.67,18.65,9.41
10/16/2018,13.02,18.28,8.86
10/15/2018,15.02,19.89,10.31
10/14/2018,14.32,18.14,10.6
10/13/2018,13.74,17.36,10.35
10/12/2018,15.23,20.15,11.09
10/11/2018,18.42,22.65,15.19
10/10/2018,20.91,24.85,17.42
10/9/2018,21.44,25.11,18.07
10/8/2018,20.41,24.49,17.36
10/7/2018,20.83,24.85,17.84
10/6/2018,20.07,23.66,17.08
10/5/2018,19.51,23.88,16.03
10/4/2018,21.11,26.03,16.86
10/3/2018,22.19,26.84,18.24
10/2/2018,21.76,25.88,18.42
10/1/2018,21.24,25.98,17.37
9/30/2018,19.52,24.33,15.24
9/29/2018,19.48,24.32,15.23
9/28/2018,18.68,22.89,14.81
9/27/2018,19.71,24.17,15.69
9/26/2018,21.98,26.88,18.15
9/25/2018,21.65,26.31,17.34
9/24/2018,20.07,24.21,16.73
9/23/2018,19.6,23.12,16.36
9/22/2018,21.16,25.09,17.12
9/21/2018,22.96,27.22,18.99
9/20/2018,22.75,27.55,18.65
9/19/2018,23.41,28.47,19.53
9/18/2018,24.21,29.13,20.26
9/17/2018,24.46,29.09,20.48
9/16/2018,24.52,29.99,20.05
9/15/2018,24.04,28.96,19.89
9/14/2018,23.73,28.1,20.08
9/13/2018,23.24,27.42,19.67
9/12/2018,23.01,27.07,19.93
9/11/2018,21.85,25.83,18.29
9/10/2018,20.47,24.28,17.0
9/9/2018,20.07,24.03,16.77
9/8/2018,22.28,26.09,18.58
9/7/2018,23.91,28.08,20.69
9/6/2018,25.54,30.86,21.82
9/5/2018,26.4,31.29,22.49
9/4/2018,26.8,31.32,22.71
9/3/2018,25.87,30.61,22.15
9/2/2018,25.08,29.75,21.1
9/1/2018,24.32,28.6,20.92
8/31/2018,24.63,29.05,20.61
8/30/2018,26.09,30.57,22.03
8/29/2018,27.33,32.13,22.96
8/28/2018,27.52,32.61,22.5
8/27/2018,26.96,31.7,22.69
8/26/2018,25.63,30.23,21.14
8/25/2018,24.27,28.96,20.28
8/24/2018,23.83,28.77,19.34
8/23/2018,23.71,28.45,19.21
8/22/2018,24.87,29.74,20.47
8/21/2018,24.57,28.76,20.87
8/20/2018,24.38,28.38,21.24
8/19/2018,24.68,28.62,21.22
8/18/2018,25.96,31.12,22.01
8/17/2018,26.93,31.43,22.82
8/16/2018,27.18,31.8,23.28
8/15/2018,26.62,31.66,22.11
8/14/2018,25.35,30.66,21.32
8/13/2018,24.76,29.07,20.93
8/12/2018,25.25,30.18,21.57
8/11/2018,25.32,30.25,21.68
8/10/2018,26.77,32.09,22.47
8/9/2018,27.16,32.77,22.21
8/8/2018,27.38,32.77,22.84
8/7/2018,27.46,33.05,22.62
8/6/2018,28.08,33.36,23.32
8/5/2018,27.92,33.3,23.03
8/4/2018,26.92,32.41,21.86
8/3/2018,26.24,31.34,22.1
8/2/2018,26.54,31.41,22.48
8/1/2018,26.28,31.61,21.82
7/31/2018,25.1,29.49,21.03
7/30/2018,25.32,29.49,21.34
7/29/2018,25.94,31.26,21.31
7/28/2018,26.03,31.42,21.26
7/27/2018,26.36,31.57,21.76
7/26/2018,26.9,32.05,22.41
7/25/2018,26.8,31.37,22.52
7/24/2018,27.26,32.18,23.07
7/23/2018,26.72,31.74,22.63
7/22/2018,25.62,30.28,21.36
7/21/2018,24.53,28.48,20.81
7/20/2018,25.79,30.34,21.54
7/19/2018,25.84,31.04,21.0
7/18/2018,25.89,30.75,21.4
7/17/2018,26.52,31.83,22.19
7/16/2018,27.72,33.08,23.3
7/15/2018,26.66,31.58,22.3
7/14/2018,27.08,32.08,22.11
7/13/2018,26.45,31.4,21.52
7/12/2018,25.89,31.28,21.13
7/11/2018,26.75,31.67,22.27
7/10/2018,27.19,33.22,21.81
7/9/2018,26.31,32.31,20.65
7/8/2018,25.61,31.24,20.18
7/7/2018,25.01,30.27,20.23
7/6/2018,27.23,31.87,22.02
7/5/2018,27.64,33.23,23.0
7/4/2018,27.02,31.68,22.83
7/3/2018,27.01,32.36,22.34
7/2/2018,27.13,32.21,22.45
7/1/2018,27.84,33.16,22.64
6/30/2018,27.53,32.74,22.36
6/29/2018,26.78,32.09,21.44
6/28/2018,25.58,30.62,21.29
6/27/2018,24.2,28.51,20.29
6/26/2018,23.7,28.4,18.97
6/25/2018,24.11,28.43,19.71
6/24/2018,24.46,30.02,19.84
6/23/2018,22.63,26.41,19.12
6/22/2018,22.98,27.04,19.32
6/21/2018,23.86,28.55,19.81
6/20/2018,24.09,29.11,19.9
6/19/2018,25.08,29.51,21.16
6/18/2018,25.91,30.86,20.96
6/17/2018,25.39,30.56,20.48
6/16/2018,24.45,29.71,19.42
6/15/2018,23.61,28.43,18.79
6/14/2018,24.94,30.41,20.04
6/13/2018,24.11,29.16,19.33
6/12/2018,22.66,27.84,17.48
6/11/2018,21.42,26.0,17.42
6/10/2018,22.05,26.04,18.1
6/9/2018,23.58,28.4,19.04
6/8/2018,23.28,28.94,17.56
6/7/2018,21.61,26.83,17.1
6/6/2018,20.84,25.9,16.14
6/5/2018,21.45,26.48,16.36
6/4/2018,20.54,25.99,15.22
6/3/2018,21.07,26.11,16.18
6/2/2018,23.84,29.4,18.58
6/1/2018,22.58,28.0,17.81
5/31/2018,22.32,26.65,18.51
5/30/2018,22.18,26.95,18.43
5/29/2018,23.66,29.06,18.35
5/28/2018,21.37,26.53,16.81
5/27/2018,21.83,28.77,16.5
5/26/2018,24.19,29.51,19.47
5/25/2018,23.78,28.92,18.0
5/24/2018,22.42,27.94,17.29
5/23/2018,21.37,27.03,15.96
5/22/2018,19.48,23.96,15.82
5/21/2018,19.92,24.96,15.92
5/20/2018,20.22,25.43,15.32
5/19/2018,18.07,21.87,14.65
5/18/2018,19.16,22.98,15.16
5/17/2018,19.83,24.87,15.47
5/16/2018,19.71,24.41,15.0
5/15/2018,21.43,28.29,16.19
5/14/2018,19.62,25.68,14.69
5/13/2018,17.61,21.73,14.01
5/12/2018,17.73,22.29,14.2
5/11/2018,19.17,23.43,15.2
5/10/2018,19.5,24.77,14.69
5/9/2018,20.34,26.13,14.6
5/8/2018,19.84,25.96,13.8
5/7/2018,19.45,25.7,13.81
5/6/2018,18.84,24.51,13.91
5/5/2018,20.41,26.02,15.28
5/4/2018,22.12,27.07,16.9
5/3/2018,21.77,27.29,16.58
5/2/2018,21.44,27.1,15.5
5/1/2018,18.11,24.39,11.78
4/30/2018,14.35,19.31,8.54
4/29/2018,13.85,18.48,9.08
4/28/2018,15.21,20.37,10.1
4/27/2018,14.94,19.57,10.69
4/26/2018,16.09,21.76,10.62
4/25/2018,15.29,20.06,10.91
4/24/2018,15.55,20.79,10.58
4/23/2018,14.93,21.05,9.47
4/22/2018,14.69,20.13,9.5
4/21/2018,13.16,19.0,7.17
4/20/2018,10.8,16.41,5.6
4/19/2018,10.6,14.9,6.24
4/18/2018,11.49,16.5,6.8
4/17/2018,10.18,14.39,5.99
4/16/2018,10.25,15.37,5.2
4/15/2018,9.88,14.38,6.24
4/14/2018,14.74,19.93,8.37
4/13/2018,17.37,23.1,12.7
4/12/2018,14.84,20.55,9.16
4/11/2018,12.26,17.97,6.8
4/10/2018,11.35,16.46,6.78
4/9/2018,9.65,14.76,4.86
4/8/2018,7.73,11.82,3.74
4/7/2018,8.81,13.6,5.15
4/6/2018,11.76,17.22,6.83
4/5/2018,9.41,13.62,5.08
4/4/2018,10.24,15.52,6.06
4/3/2018,10.94,14.76,7.11
4/2/2018,9.24,13.66,4.98
4/1/2018,11.53,16.26,7.01
3/31/2018,11.64,17.7,6.12
3/30/2018,12.44,17.78,7.37
3/29/2018,12.75,17.31,8.42
3/28/2018,11.77,16.18,7.76
3/27/2018,10.55,14.53,6.52
3/26/2018,9.54,14.58,4.99
3/25/2018,8.14,11.89,4.45
3/24/2018,9.78,13.81,5.91
3/23/2018,9.61,14.0,5.42
3/22/2018,9.14,14.05,4.3
3/21/2018,7.2,11.01,3.65
3/20/2018,7.12,10.9,3.51
3/19/2018,9.34,14.54,4.87
3/18/2018,8.49,13.6,3.58
3/17/2018,8.41,13.44,3.89
3/16/2018,7.9,11.56,4.49
3/15/2018,8.31,13.56,3.46
3/14/2018,6.97,11.39,2.94
3/13/2018,7.21,11.48,3.52
3/12/2018,7.7,12.15,3.67
3/11/2018,8.04,12.08,4.1
3/10/2018,8.41,12.21,4.69
3/9/2018,7.49,12.48,2.9
3/8/2018,6.61,10.66,2.71
3/7/2018,6.01,9.74,2.67
3/6/2018,7.95,13.06,3.27
3/5/2018,7.73,11.58,3.65
3/4/2018,7.94,11.88,3.76
3/3/2018,8.0,12.24,4.15
3/2/2018,7.46,11.36,4.24
3/1/2018,10.86,14.76,6.2
2/28/2018,11.27,15.97,6.88
2/27/2018,9.63,15.04,4.73
2/26/2018,8.96,13.77,4.44
2/25/2018,8.21,12.04,4.84
2/24/2018,9.43,13.43,5.98
2/23/2018,7.13,10.83,3.81
2/22/2018,7.26,12.17,3.28
2/21/2018,10.82,16.54,5.52
2/20/2018,12.19,17.72,6.9
2/19/2018,9.41,13.39,4.89
2/18/2018,7.32,12.13,2.43
2/17/2018,6.15,10.59,2.25
2/16/2018,10.27,15.31,4.02
2/15/2018,12.71,16.91,8.82
2/14/2018,9.26,14.22,4.48
2/13/2018,4.26,8.25,0.09
2/12/2018,5.1,10.88,0.66
2/11/2018,6.86,11.38,3.06
2/10/2018,7.0,11.04,3.37
2/9/2018,5.9,11.02,1.3
2/8/2018,4.06,8.65,-0.54
2/7/2018,4.46,10.28,0.35
2/6/2018,4.52,8.59,0.61
2/5/2018,3.68,8.31,-0.51
2/4/2018,6.44,12.01,1.27
2/3/2018,3.97,9.06,-1.09
2/2/2018,3.05,8.78,-2.11
2/1/2018,7.24,12.27,1.79
1/31/2018,5.17,10.72,-0.71
1/30/2018,4.58,9.26,-0.13
1/29/2018,7.18,11.38,2.67
1/28/2018,10.05,14.88,5.33
1/27/2018,9.8,14.62,4.31
1/26/2018,6.28,10.82,1.42
1/25/2018,4.36,8.99,0.08
1/24/2018,5.97,10.36,1.33
1/23/2018,8.24,14.01,2.96
1/22/2018,8.69,12.58,4.62
1/21/2018,9.23,13.09,5.54
1/20/2018,8.42,13.11,4.08
1/19/2018,5.24,9.44,0.35
1/18/2018,1.86,6.92,-2.89
1/17/2018,0.8,4.97,-3.73
1/16/2018,0.91,5.46,-2.66
1/15/2018,1.34,6.09,-3.47
1/14/2018,-0.02,4.62,-4.02
1/13/2018,2.99,10.2,-2.99
1/12/2018,7.7,12.8,2.41
1/11/2018,9.43,14.18,3.84
1/10/2018,7.09,11.07,2.67
1/9/2018,6.0,9.76,2.66
1/8/2018,4.46,7.89,1.03
1/7/2018,0.42,4.89,-4.5
1/6/2018,-2.1,1.85,-5.79
1/5/2018,-1.71,2.55,-5.2
1/4/2018,-0.01,3.93,-3.89
1/3/2018,-0.17,4.65,-4.93
1/2/2018,-2.99,1.48,-6.56
1/1/2018,-4.73,-0.56,-8.51
12/31/2017,-3.12,0.76,-6.53
12/30/2017,-0.15,3.86,-3.73
12/29/2017,0.09,4.4,-3.97
12/28/2017,-1.76,2.15,-5.5
12/27/2017,-1.52,2.34,-4.93
12/26/2017,-0.32,2.61,-2.78
12/25/2017,1.74,5.39,-2.02
12/24/2017,3.97,7.55,0.76
12/23/2017,5.91,11.07,2.38
12/22/2017,7.02,11.89,2.56
12/21/2017,6.03,9.68,2.23
12/20/2017,8.22,12.04,3.93
12/19/2017,10.62,14.76,6.64
12/18/2017,8.28,12.17,4.51
12/17/2017,5.96,9.06,2.82
12/16/2017,5.27,9.74,0.7
12/15/2017,2.98,6.87,-0.75
12/14/2017,3.39,7.87,-0.48
12/13/2017,3.3,8.87,-1.81
12/12/2017,6.24,11.58,0.4
12/11/2017,6.92,12.01,2.17
12/10/2017,5.28,10.24,0.69
12/9/2017,4.05,8.71,-0.07
12/8/2017,3.96,7.83,0.47
12/7/2017,5.46,8.95,1.85
12/6/2017,7.09,12.76,3.29
12/5/2017,10.15,15.18,5.61
12/4/2017,11.19,15.48,5.67
12/3/2017,10.31,14.8,6.05
12/2/2017,9.67,14.65,5.26
12/1/2017,10.19,14.94,5.77
11/30/2017,10.21,15.51,5.77
11/29/2017,11.56,17.21,6.52
11/28/2017,11.11,16.57,5.23
11/27/2017,10.52,15.83,5.61
11/26/2017,10.49,15.66,6.12
11/25/2017,12.08,17.86,6.48
11/24/2017,10.78,17.04,4.73
11/23/2017,8.85,14.19,4.29
11/22/2017,10.79,15.65,5.42
11/21/2017,11.57,17.24,6.01
11/20/2017,8.82,13.51,4.06
11/19/2017,9.6,14.6,4.46
11/18/2017,11.18,16.69,5.36
11/17/2017,11.13,15.01,7.71
11/16/2017,12.25,16.33,8.52
11/15/2017,11.05,15.35,6.43
11/14/2017,10.41,14.64,6.27
11/13/2017,10.08,13.95,6.9
11/12/2017,9.39,13.25,5.62
11/11/2017,6.79,11.08,2.45
11/10/2017,7.08,12.41,2.19
11/9/2017,10.4,14.83,6.27
11/8/2017,9.49,13.28,6.25
11/7/2017,10.49,14.05,7.43
11/6/2017,14.39,18.34,9.8
11/5/2017,14.13,17.75,10.12
11/4/2017,13.88,17.26,10.45
11/3/2017,16.08,20.75,11.62
11/2/2017,16.97,21.19,13.13
11/1/2017,13.05,17.17,9.27
10/31/2017,11.66,15.25,8.44
10/30/2017,12.59,17.22,8.28
10/29/2017,13.86,18.03,9.82
10/28/2017,13.38,18.07,9.07
10/27/2017,13.95,19.8,8.93
10/26/2017,15.18,20.84,9.79
10/25/2017,16.32,21.72,11.58
10/24/2017,18.6,23.57,14.16
10/23/2017,18.84,24.32,13.52
10/22/2017,18.62,24.4,13.17
10/21/2017,18.91,24.68,13.83
10/20/2017,18.45,23.37,14.02
10/19/2017,18.01,23.55,13.1
10/18/2017,17.18,24.04,11.19
10/17/2017,15.18,21.72,9.77
10/16/2017,16.37,22.97,10.65
10/15/2017,19.59,25.52,14.5
10/14/2017,19.35,24.13,15.26
10/13/2017,17.74,22.61,13.22
10/12/2017,17.31,21.0,13.9
10/11/2017,18.73,22.88,15.24
10/10/2017,20.75,25.35,16.45
10/9/2017,21.83,26.45,18.03
10/8/2017,21.9,26.42,17.99
10/7/2017,22.27,28.18,17.12
10/6/2017,21.6,27.05,16.99
10/5/2017,21.31,27.25,16.11
10/4/2017,20.2,25.41,15.12
10/3/2017,19.46,24.25,15.37
10/2/2017,19.06,24.55,14.17
10/1/2017,18.01,23.56,12.83
9/30/2017,18.18,22.67,14.15
9/29/2017,19.51,24.43,15.04
9/28/2017,21.7,26.73,16.36
9/27/2017,23.27,28.93,18.66
9/26/2017,23.46,29.08,18.88
9/25/2017,23.63,29.47,18.62
9/24/2017,23.81,29.93,18.44
9/23/2017,23.26,28.74,18.55
9/22/2017,22.92,27.74,18.66
9/21/2017,23.55,27.69,19.77
9/20/2017,23.51,28.06,19.23
9/19/2017,22.47,26.65,19.41
9/18/2017,21.99,26.02,18.44
9/17/2017,22.77,27.66,18.82
9/16/2017,23.02,27.83,18.65
9/15/2017,23.33,28.11,18.65
9/14/2017,23.11,27.86,18.96
9/13/2017,22.42,27.2,18.45
9/12/2017,22.21,27.54,17.34
9/11/2017,21.58,27.63,16.37
9/10/2017,20.68,26.38,15.5
9/9/2017,19.92,24.66,15.75
9/8/2017,20.44,25.26,16.23
9/7/2017,20.52,25.51,16.09
9/6/2017,20.92,25.47,17.13
9/5/2017,24.01,28.76,19.98
9/4/2017,24.46,29.94,19.32
9/3/2017,23.39,28.92,18.56
9/2/2017,21.94,26.98,17.39
9/1/2017,22.21,27.21,17.26
8/31/2017,24.34,29.45,19.88
8/30/2017,23.48,28.69,18.63
8/29/2017,22.49,26.55,18.93
8/28/2017,23.03,27.43,19.35
8/27/2017,23.13,27.85,18.96
8/26/2017,23.08,27.98,18.71
8/25/2017,22.76,27.02,18.53
8/24/2017,23.19,27.59,19.49
8/23/2017,24.49,28.7,20.91
8/22/2017,26.43,31.62,21.69
8/21/2017,26.29,30.85,22.25
8/20/2017,25.68,30.33,21.04
8/19/2017,26.07,31.19,21.41
8/18/2017,25.41,29.99,21.44
8/17/2017,25.16,29.66,21.45
8/16/2017,25.55,30.47,21.09
8/15/2017,24.15,27.94,20.91
8/14/2017,24.35,28.41,20.4
8/13/2017,24.54,29.09,20.22
8/12/2017,23.97,28.67,19.94
8/11/2017,24.79,29.26,21.07
8/10/2017,25.09,30.54,20.45
8/9/2017,24.82,30.01,19.7
8/8/2017,23.85,28.88,19.4
8/7/2017,22.97,26.66,19.87
8/6/2017,23.82,28.05,19.73
8/5/2017,24.27,28.77,20.07
8/4/2017,24.97,29.57,20.88
8/3/2017,25.79,31.22,21.47
8/2/2017,25.86,31.29,21.48
8/1/2017,26.67,32.28,21.33
7/31/2017,25.42,30.8,19.91
7/30/2017,24.54,29.62,19.46
7/29/2017,24.2,28.51,20.26
7/28/2017,25.43,29.94,21.62
7/27/2017,25.26,29.52,21.08
7/26/2017,24.61,29.56,20.06
7/25/2017,23.55,27.79,19.5
7/24/2017,23.83,28.32,20.03
7/23/2017,25.78,30.53,21.86
7/22/2017,27.52,32.46,23.11
7/21/2017,27.93,32.96,23.38
7/20/2017,27.95,33.39,23.08
7/19/2017,27.66,32.75,22.56
7/18/2017,26.42,31.21,21.77
7/17/2017,25.75,30.73,21.13
7/16/2017,25.59,30.41,20.74
7/15/2017,25.14,30.77,20.31
7/14/2017,24.25,28.74,20.46
7/13/2017,26.99,31.78,22.34
7/12/2017,27.12,31.45,22.8
7/11/2017,26.63,31.39,22.08
7/10/2017,26.03,30.78,21.44
7/9/2017,25.83,31.17,20.62
7/8/2017,26.43,32.12,21.68
7/7/2017,25.8,31.33,21.02
7/6/2017,25.71,30.37,21.42
7/5/2017,25.72,31.02,20.84
7/4/2017,25.62,30.73,20.63
7/3/2017,26.08,31.19,21.36
7/2/2017,26.13,31.9,20.86
7/1/2017,24.88,29.43,21.09
6/30/2017,25.73,30.49,21.45
6/29/2017,24.5,29.24,19.65
6/28/2017,22.96,28.15,17.59
6/27/2017,22.88,27.97,17.62
6/26/2017,23.5,28.6,18.73
6/25/2017,24.4,29.44,19.5
6/24/2017,24.97,29.33,20.09
6/23/2017,25.88,30.09,21.94
6/22/2017,25.46,30.3,20.61
6/21/2017,25.41,30.28,20.62
6/20/2017,25.4,30.56,20.05
6/19/2017,25.18,30.83,20.42
6/18/2017,25.63,30.43,21.23
6/17/2017,24.08,28.73,19.72
6/16/2017,23.51,28.31,19.15
6/15/2017,23.82,28.81,19.11
6/14/2017,24.52,29.43,19.68
6/13/2017,26.13,31.41,21.34
6/12/2017,26.01,30.81,20.88
6/11/2017,25.44,30.57,20.06
6/10/2017,23.92,29.08,18.25
6/9/2017,21.72,27.46,15.56
6/8/2017,20.07,24.63,15.44
6/7/2017,20.16,24.84,15.39
6/6/2017,19.69,23.89,15.79
6/5/2017,20.5,24.42,17.16
6/4/2017,21.87,26.86,17.8
6/3/2017,21.93,27.04,16.79
6/2/2017,21.74,27.24,16.35
6/1/2017,21.65,26.64,16.54
5/31/2017,20.56,26.2,16.17
5/30/2017,19.1,23.01,15.1
5/29/2017,19.27,23.64,15.86
5/28/2017,20.72,25.57,16.12
5/27/2017,20.9,25.28,16.46
5/26/2017,19.95,25.08,15.27
5/25/2017,17.66,21.58,14.16
5/24/2017,18.16,22.49,14.34
5/23/2017,19.23,23.99,15.29
5/22/2017,18.57,22.89,14.48
5/21/2017,19.49,24.62,14.89
5/20/2017,19.67,24.64,15.12
5/19/2017,22.84,28.25,17.12
5/18/2017,24.21,28.96,19.15
5/17/2017,22.93,28.45,16.83
5/16/2017,20.35,25.79,14.58
5/15/2017,18.21,23.24,12.95
5/14/2017,17.24,23.01,11.58
5/13/2017,15.9,20.48,11.35
5/12/2017,16.36,20.65,12.65
5/11/2017,17.05,21.12,13.34
5/10/2017,16.98,21.81,12.87
5/9/2017,15.67,20.34,10.89
5/8/2017,14.63,19.98,9.2
5/7/2017,14.06,18.38,9.77
5/6/2017,16.21,20.47,11.11
5/5/2017,16.14,20.52,12.08
5/4/2017,15.94,21.15,11.6
5/3/2017,17.63,22.05,12.68
5/2/2017,18.87,23.97,13.66
5/1/2017,16.88,23.35,11.24
4/30/2017,16.79,21.97,12.05
4/29/2017,20.32,25.35,15.35
4/28/2017,19.47,25.26,13.54
4/27/2017,17.13,22.2,12.19
4/26/2017,17.21,21.56,12.95
4/25/2017,16.24,20.19,12.1
4/24/2017,14.83,19.47,9.98
4/23/2017,14.71,20.47,9.84
4/22/2017,14.9,18.9,10.8
4/21/2017,15.76,20.24,11.66
4/20/2017,17.19,22.78,12.74
4/19/2017,15.77,20.03,11.87
4/18/2017,16.61,21.73,11.85
4/17/2017,18.39,22.88,14.05
4/16/2017,20.66,26.73,14.46
4/15/2017,17.54,22.6,12.35
4/14/2017,15.79,20.97,11.27
4/13/2017,15.77,20.6,11.2
4/12/2017,16.92,22.59,11.76
4/11/2017,17.18,22.64,12.02
4/10/2017,17.43,23.58,11.06
4/9/2017,15.36,21.54,9.44
4/8/2017,12.93,18.33,7.27
4/7/2017,12.27,16.59,8.08
4/6/2017,12.21,17.26,8.09
4/5/2017,13.99,19.42,9.28
4/4/2017,14.48,18.98,10.45
4/3/2017,14.32,19.01,9.76
4/2/2017,13.75,19.8,8.52
4/1/2017,11.49,15.86,7.31
3/31/2017,10.84,14.97,7.38
3/30/2017,12.13,16.32,8.41
3/29/2017,13.74,18.84,9.13
3/28/2017,12.77,16.22,9.45
3/27/2017,12.92,17.29,9.06
3/26/2017,11.96,15.7,8.6
3/25/2017,13.59,17.63,9.42
3/24/2017,13.01,19.15,7.62
3/23/2017,8.81,14.47,3.44
3/22/2017,9.29,14.48,4.57
3/21/2017,13.74,19.01,9.48
3/20/2017,12.79,17.64,8.17
3/19/2017,11.04,16.15,6.58
3/18/2017,10.7,15.09,7.19
3/17/2017,10.16,15.65,5.21
3/16/2017,7.5,12.71,2.44
3/15/2017,4.96,9.46,1.04
3/14/2017,5.94,10.54,1.3
3/13/2017,5.86,11.08,1.82
3/12/2017,5.49,10.25,1.4
3/11/2017,5.19,9.44,1.11
3/10/2017,8.81,14.18,3.66
3/9/2017,13.96,19.26,8.33
3/8/2017,13.31,18.42,8.14
3/7/2017,12.02,16.96,6.99
3/6/2017,9.71,13.96,5.14
3/5/2017,6.34,11.2,1.1
3/4/2017,5.31,9.83,0.92
3/3/2017,6.51,11.22,1.6
3/2/2017,9.01,15.57,3.62
3/1/2017,13.74,19.59,7.95
2/28/2017,12.43,16.66,8.16
2/27/2017,9.66,14.16,4.97
2/26/2017,6.83,10.8,2.52
2/25/2017,9.01,14.64,3.93
2/24/2017,12.54,17.45,7.3
2/23/2017,12.21,17.79,6.91
2/22/2017,12.41,17.2,8.09
2/21/2017,11.42,15.44,7.3
2/20/2017,12.03,16.5,7.39
2/19/2017,13.7,18.48,9.65
2/18/2017,12.03,18.06,6.1
2/17/2017,8.33,13.65,3.01
2/16/2017,6.54,10.66,2.47
2/15/2017,7.42,12.33,3.82
2/14/2017,7.23,11.61,3.2
2/13/2017,7.86,12.01,3.68
2/12/2017,9.21,13.44,5.35
2/11/2017,10.2,14.72,5.92
2/10/2017,5.83,10.38,0.24
2/9/2017,4.77,10.57,-0.0
2/8/2017,10.65,15.98,5.59
2/7/2017,10.69,14.34,7.34
2/6/2017,9.6,14.06,5.4
2/5/2017,7.44,11.62,3.68
2/4/2017,3.9,7.94,-0.43
2/3/2017,3.29,6.16,0.56
2/2/2017,5.67,9.45,2.31
2/1/2017,7.9,12.35,3.17
1/31/2017,6.41,11.06,1.94
1/30/2017,5.59,10.38,0.74
1/29/2017,5.85,10.22,1.68
1/28/2017,4.77,8.71,1.2
1/27/2017,4.89,7.98,1.53
1/26/2017,6.91,11.03,3.64
1/25/2017,7.84,12.25,3.8
1/24/2017,6.6,9.79,3.41
1/23/2017,7.35,10.47,4.35
1/22/2017,9.25,11.78,7.06
1/21/2017,10.36,13.92,7.33
1/20/2017,8.63,11.61,6.34
1/19/2017,8.51,11.8,5.79
1/18/2017,7.73,10.61,4.94
1/17/2017,7.5,10.77,4.63
1/16/2017,6.82,10.26,3.29
1/15/2017,5.3,8.76,2.48
1/14/2017,4.41,7.68,1.6
1/13/2017,6.86,11.96,2.69
1/12/2017,11.14,15.39,6.34
1/11/2017,9.95,14.03,6.46
1/10/2017,6.49,11.96,1.56
1/9/2017,1.89,5.34,-2.09
1/8/2017,-0.66,3.7,-4.79
1/7/2017,-2.32,1.31,-5.67
1/6/2017,-1.33,1.65,-4.11
1/5/2017,0.99,3.55,-1.82
1/4/2017,4.52,8.63,0.18
1/3/2017,7.19,10.2,3.61
1/2/2017,7.22,9.67,4.38
1/1/2017,7.13,10.52,3.31
12/31/2016,6.1,9.5,2.1
12/30/2016,5.51,8.74,2.61
12/29/2016,7.51,11.87,3.23
12/28/2016,7.86,11.96,3.48
12/27/2016,10.01,14.84,4.66
12/26/2016,8.72,13.81,4.11
12/25/2016,7.95,11.65,4.56
12/24/2016,8.25,11.11,5.63
12/23/2016,7.4,10.44,4.15
12/22/2016,7.2,11.05,3.8
12/21/2016,6.0,10.34,1.53
12/20/2016,2.83,7.77,-2.13
12/19/2016,-0.43,4.19,-4.94
12/18/2016,2.62,8.83,-2.97
12/17/2016,4.08,8.36,-1.54
12/16/2016,1.22,5.27,-3.07
12/15/2016,0.61,4.76,-2.88
12/14/2016,4.31,7.74,1.11
12/13/2016,5.83,8.97,3.06
12/12/2016,7.04,10.55,3.27
12/11/2016,5.62,8.7,2.38
12/10/2016,3.31,6.29,0.2
12/9/2016,2.97,6.27,0.1
12/8/2016,4.25,7.17,0.63
12/7/2016,5.57,8.37,2.5
12/6/2016,6.93,10.0,3.97
12/5/2016,7.16,10.26,4.13
12/4/2016,7.0,10.27,3.91
12/3/2016,7.35,10.42,4.56
12/2/2016,8.15,11.79,4.81
12/1/2016,9.13,12.97,4.97
11/30/2016,10.92,14.62,7.12
11/29/2016,12.78,16.89,8.58
11/28/2016,10.19,13.77,6.13
11/27/2016,8.69,12.3,5.03
11/26/2016,9.22,12.82,5.71
11/25/2016,10.47,14.42,7.16
11/24/2016,9.8,13.99,6.05
11/23/2016,8.95,12.89,5.0
11/22/2016,8.31,12.04,4.6
11/21/2016,7.55,11.48,4.01
11/20/2016,7.29,10.61,4.2
11/19/2016,10.39,15.87,5.08
11/18/2016,13.65,20.17,7.5
11/17/2016,13.81,18.91,8.77
11/16/2016,13.38,19.25,8.11
11/15/2016,13.23,18.68,8.7
11/14/2016,13.81,19.73,8.5
11/13/2016,12.66,19.03,7.23
11/12/2016,11.49,16.39,6.94
11/11/2016,13.91,19.29,8.54
11/10/2016,13.83,19.41,8.57
11/9/2016,15.13,19.88,10.81
11/8/2016,15.48,21.45,10.14
11/7/2016,13.73,18.84,9.21
11/6/2016,14.19,19.55,9.46
11/5/2016,14.68,20.26,9.85
11/4/2016,15.71,20.4,11.12
11/3/2016,18.16,23.83,13.66
11/2/2016,17.76,22.8,13.41
11/1/2016,15.73,20.49,11.25
10/31/2016,14.49,18.83,10.37
10/30/2016,17.99,23.24,13.62
10/29/2016,17.28,23.12,11.41
10/28/2016,15.07,19.74,11.05
10/27/2016,14.6,19.35,10.77
10/26/2016,13.51,17.97,9.41
10/25/2016,14.06,18.17,10.21
10/24/2016,16.0,20.65,11.99
10/23/2016,15.77,21.72,9.93
10/22/2016,14.21,20.12,9.68
10/21/2016,17.72,22.14,13.21
10/20/2016,19.14,23.72,14.57
10/19/2016,21.44,27.29,16.41
10/18/2016,21.29,26.14,16.76
10/17/2016,21.43,26.44,17.16
10/16/2016,19.49,24.2,15.23
10/15/2016,17.72,22.94,13.01
10/14/2016,16.06,20.95,11.9
10/13/2016,16.79,21.75,12.61
10/12/2016,17.28,22.4,12.45
10/11/2016,16.62,21.84,11.74
10/10/2016,16.43,22.23,11.26
10/9/2016,17.17,22.89,12.36
10/8/2016,18.71,23.61,14.1
10/7/2016,19.71,25.48,14.41
10/6/2016,19.56,24.82,15.22
10/5/2016,19.08,23.86,14.96
10/4/2016,19.18,23.83,15.31
10/3/2016,19.02,23.39,15.15
10/2/2016,18.26,22.32,15.02
10/1/2016,18.5,22.26,15.21
9/30/2016,18.68,22.28,15.46
9/29/2016,19.4,23.26,16.21
9/28/2016,20.13,24.63,15.86
9/27/2016,21.29,26.3,17.12
9/26/2016,21.09,26.07,16.12
9/25/2016,21.21,27.02,15.89
9/24/2016,21.08,25.91,16.59
9/23/2016,23.16,28.33,18.6
9/22/2016,23.27,28.11,18.93
9/21/2016,23.94,28.54,20.01
9/20/2016,24.39,29.23,20.45
9/19/2016,24.04,28.81,19.82
9/18/2016,24.26,30.08,19.51
9/17/2016,22.65,27.59,18.2
9/16/2016,22.01,27.03,17.66
9/15/2016,21.81,26.61,17.48
9/14/2016,23.51,29.49,18.85
9/13/2016,22.72,27.77,18.3
9/12/2016,21.98,26.88,17.24
9/11/2016,23.61,28.17,18.58
9/10/2016,24.78,30.16,20.48
9/9/2016,26.02,30.63,21.59
9/8/2016,25.52,30.34,21.26
9/7/2016,25.15,30.37,20.88
9/6/2016,24.87,29.62,20.5
9/5/2016,23.54,28.93,18.28
9/4/2016,22.5,27.68,17.91
9/3/2016,22.49,26.61,18.8
9/2/2016,23.23,27.77,19.29
9/1/2016,24.06,27.97,20.87
8/31/2016,25.75,30.37,21.83
8/30/2016,25.65,30.98,21.33
8/29/2016,26.19,31.66,21.79
8/28/2016,25.39,30.46,21.11
8/27/2016,25.33,30.38,21.46
8/26/2016,26.05,30.91,21.83
8/25/2016,25.4,30.37,20.82
8/24/2016,25.13,30.69,20.42
8/23/2016,23.95,29.2,18.74
8/22/2016,23.26,27.94,19.19
8/21/2016,24.49,29.56,20.68
8/20/2016,24.95,29.22,21.26
8/19/2016,25.75,30.52,21.84
8/18/2016,25.74,30.95,22.01
8/17/2016,26.07,30.43,22.24
8/16/2016,26.6,31.4,22.33
8/15/2016,26.68,31.85,22.47
8/14/2016,27.79,33.01,22.9
8/13/2016,28.28,33.11,24.08
8/12/2016,28.01,33.53,23.32
8/11/2016,28.21,33.13,24.01
8/10/2016,27.12,31.73,22.9
8/9/2016,26.3,31.26,21.78
8/8/2016,26.1,30.55,22.07
8/7/2016,26.29,31.23,21.53
8/6/2016,26.29,31.2,22.1
8/5/2016,25.79,30.52,21.66
8/4/2016,25.65,30.63,21.13
8/3/2016,25.5,30.48,20.76
8/2/2016,25.28,29.91,21.39
8/1/2016,25.29,30.08,21.34
7/31/2016,25.77,30.44,22.07
7/30/2016,25.85,30.34,22.48
7/29/2016,26.32,31.32,21.89
7/28/2016,27.29,32.56,23.43
7/27/2016,27.86,33.33,23.17
7/26/2016,27.79,32.94,23.07
7/25/2016,28.02,33.92,23.5
7/24/2016,28.22,34.17,23.14
7/23/2016,29.08,34.6,24.37
7/22/2016,28.73,34.46,23.32
7/21/2016,27.76,33.67,22.39
7/20/2016,26.35,31.45,21.32
7/19/2016,26.38,30.92,22.18
7/18/2016,26.95,32.76,22.77
7/17/2016,26.48,31.57,21.73
7/16/2016,25.96,31.13,21.7
7/15/2016,26.81,31.61,22.5
7/14/2016,26.76,32.2,22.13
7/13/2016,26.19,31.25,21.72
7/12/2016,25.68,30.52,21.21
7/11/2016,24.94,29.78,20.41
7/10/2016,24.58,29.22,19.94
7/9/2016,24.14,28.32,20.43
7/8/2016,25.74,30.76,21.38
7/7/2016,26.48,31.62,22.35
7/6/2016,26.92,32.01,22.01
7/5/2016,25.57,30.66,21.09
7/4/2016,24.34,28.87,20.53
7/3/2016,24.11,28.37,19.83
7/2/2016,23.78,28.19,19.35
7/1/2016,24.21,28.54,20.23
6/30/2016,24.52,29.87,19.38
6/29/2016,24.55,30.27,19.71
6/28/2016,24.27,28.79,20.74
6/27/2016,25.86,31.57,20.93
6/26/2016,25.83,31.4,20.83
6/25/2016,24.85,30.05,19.64
6/24/2016,24.29,29.37,19.91
6/23/2016,24.39,28.77,20.44
6/22/2016,25.35,29.94,20.63
6/21/2016,26.4,31.63,21.7
6/20/2016,26.61,32.07,20.66
6/19/2016,25.73,31.56,19.6
6/18/2016,24.56,30.47,18.32
6/17/2016,23.56,28.74,18.78
6/16/2016,23.12,27.63,18.93
6/15/2016,23.82,29.11,18.92
6/14/2016,22.33,27.32,17.48
6/13/2016,21.39,26.38,16.65
6/12/2016,23.85,29.07,18.45
6/11/2016,24.64,30.29,18.7
6/10/2016,22.63,27.96,17.31
6/9/2016,20.88,25.74,15.44
6/8/2016,20.53,25.44,15.66
6/7/2016,23.3,28.61,18.25
6/6/2016,24.13,29.77,18.71
6/5/2016,22.62,27.19,18.71
6/4/2016,23.17,28.08,18.96
6/3/2016,22.28,27.57,17.83
6/2/2016,21.8,26.26,17.68
6/1/2016,23.06,28.4,18.52
5/31/2016,23.36,28.46,18.94
5/30/2016,22.45,27.51,17.79
5/29/2016,22.94,27.97,18.38
5/28/2016,23.59,29.08,18.67
5/27/2016,22.22,27.34,17.89
5/26/2016,22.82,27.88,17.66
5/25/2016,22.37,28.07,16.56
5/24/2016,20.27,25.2,15.35
5/23/2016,19.04,24.6,13.31
5/22/2016,17.94,22.67,13.4
5/21/2016,17.47,21.69,13.77
5/20/2016,18.24,23.38,13.25
5/19/2016,17.16,22.1,12.85
5/18/2016,16.54,21.07,13.07
5/17/2016,16.87,20.97,13.75
5/16/2016,15.69,20.67,10.43
5/15/2016,14.44,18.41,10.76
5/14/2016,17.29,21.53,13.77
5/13/2016,18.82,23.6,14.41
5/12/2016,19.68,25.27,14.68
5/11/2016,18.83,23.94,14.12
5/10/2016,17.26,21.67,13.16
5/9/2016,17.33,21.69,12.95
5/8/2016,16.39,21.18,11.46
5/7/2016,15.79,20.37,11.17
5/6/2016,15.44,19.8,10.96
5/5/2016,15.0,19.21,10.94
5/4/2016,14.72,18.62,11.27
5/3/2016,15.54,19.55,11.53
5/2/2016,15.11,19.71,10.64
5/1/2016,14.47,18.1,11.17
4/30/2016,14.27,18.39,10.8
4/29/2016,13.89,17.37,11.29
4/28/2016,14.04,17.79,10.75
4/27/2016,14.34,18.57,10.57
4/26/2016,15.42,20.1,11.14
4/25/2016,17.15,22.28,12.01
4/24/2016,15.63,21.5,10.11
4/23/2016,16.87,21.5,12.02
4/22/2016,18.84,23.24,14.23
4/21/2016,18.08,23.49,12.48
4/20/2016,17.47,23.25,12.26
4/19/2016,18.51,23.39,13.56
4/18/2016,19.08,26.28,11.78
4/17/2016,17.13,24.01,10.73
4/16/2016,15.65,21.8,9.48
4/15/2016,14.18,20.08,9.12
4/14/2016,13.33,18.81,8.44
4/13/2016,12.14,16.64,8.11
4/12/2016,13.13,17.29,9.06
4/11/2016,14.07,18.63,9.7
4/10/2016,10.41,15.27,5.87
4/9/2016,9.14,12.63,6.17
4/8/2016,11.25,15.06,7.7
4/7/2016,13.96,18.44,9.1
4/6/2016,11.91,17.8,6.12
4/5/2016,9.34,14.89,3.75
4/4/2016,10.94,16.46,5.5
4/3/2016,10.63,17.65,4.81
4/2/2016,12.14,17.29,7.64
4/1/2016,15.39,20.83,11.13
3/31/2016,16.03,21.43,10.69
3/30/2016,12.12,16.88,7.29
3/29/2016,11.19,15.58,6.62
3/28/2016,11.58,17.39,7.1
3/27/2016,12.0,17.1,8.12
3/26/2016,10.81,16.14,5.98
3/25/2016,12.5,18.62,6.73
3/24/2016,11.86,16.56,7.28
3/23/2016,14.05,19.31,9.52
3/22/2016,11.44,17.07,5.38
3/21/2016,8.93,14.11,4.14
3/20/2016,7.72,11.67,4.38
3/19/2016,9.26,13.57,5.71
3/18/2016,12.4,16.81,8.03
3/17/2016,13.54,18.98,8.64
3/16/2016,14.45,20.32,9.44
3/15/2016,13.47,18.03,9.41
3/14/2016,12.44,16.86,9.0
3/13/2016,12.44,16.94,8.3
3/12/2016,12.37,16.82,7.72
3/11/2016,13.63,18.04,9.49
3/10/2016,16.95,21.38,12.65
3/9/2016,15.33,21.13,8.92
3/8/2016,14.13,19.01,9.34
3/7/2016,11.65,16.81,6.48
3/6/2016,9.05,13.54,4.68
3/5/2016,8.18,12.16,4.28
3/4/2016,7.22,11.65,3.5
3/3/2016,7.17,11.06,3.37
3/2/2016,8.13,14.23,2.33
3/1/2016,10.39,15.71,5.44
2/29/2016,12.0,18.12,6.71
2/28/2016,12.19,18.71,6.03
2/27/2016,8.04,13.74,2.37
2/26/2016,6.46,10.92,2.07
2/25/2016,9.38,15.23,4.5
2/24/2016,9.6,15.75,4.76
2/23/2016,8.11,12.2,4.27
2/22/2016,9.44,14.1,5.23
2/21/2016,11.5,15.53,6.83
2/20/2016,12.69,18.08,7.5
2/19/2016,8.83,14.0,4.04
2/18/2016,6.81,11.03,2.29
2/17/2016,7.67,11.94,4.04
2/16/2016,10.27,15.87,4.15
2/15/2016,5.02,10.59,-0.3
2/14/2016,0.58,5.13,-4.4
2/13/2016,0.63,5.22,-4.12
2/12/2016,3.24,8.05,-1.36
2/11/2016,3.7,9.0,-0.56
2/10/2016,4.88,9.65,0.66
2/9/2016,4.74,9.07,0.79
2/8/2016,6.31,11.36,1.6
2/7/2016,7.39,13.03,1.87
2/6/2016,5.66,10.36,1.13
2/5/2016,4.98,9.77,0.35
2/4/2016,7.33,11.43,2.94
2/3/2016,8.2,12.52,3.16
2/2/2016,7.86,11.89,3.36
2/1/2016,9.22,13.77,5.73
1/31/2016,9.69,14.41,5.52
1/30/2016,7.54,12.3,2.88
1/29/2016,6.5,10.8,1.67
1/28/2016,6.06,11.27,1.02
1/27/2016,6.24,10.12,2.16
1/26/2016,6.88,11.23,2.5
1/25/2016,5.93,10.26,1.4
1/24/2016,3.18,7.56,-1.52
1/23/2016,2.32,5.18,-0.35
1/22/2016,2.34,5.71,-0.8
1/21/2016,3.7,7.83,0.02
1/20/2016,3.15,6.24,0.1
1/19/2016,0.67,4.41,-3.22
1/18/2016,-0.04,3.81,-3.45
1/17/2016,2.47,6.72,-1.37
1/16/2016,6.41,9.95,3.08
1/15/2016,7.45,11.59,3.15
1/14/2016,5.21,9.94,0.1
1/13/2016,1.4,6.05,-2.89
1/12/2016,2.63,8.41,-2.17
1/11/2016,1.33,6.17,-2.6
1/10/2016,5.62,10.12,0.83
1/9/2016,6.86,9.87,3.51
1/8/2016,6.67,9.84,3.53
1/7/2016,6.15,9.77,2.65
1/6/2016,3.67,7.92,-0.4
1/5/2016,0.69,4.62,-3.39
1/4/2016,2.52,6.62,-1.92
1/3/2016,4.96,9.07,1.31
1/2/2016,3.88,7.69,0.84
1/1/2016,3.86,7.1,0.66
12/31/2015,5.61,8.68,2.37
12/30/2015,5.65,8.67,3.07
12/29/2015,5.56,8.94,1.99
12/28/2015,5.08,8.8,1.88
12/27/2015,9.33,14.01,4.77
12/26/2015,10.55,13.98,7.1
12/25/2015,11.78,14.79,8.73
12/24/2015,13.58,17.02,9.67
12/23/2015,13.1,17.1,9.65
12/22/2015,12.06,15.02,9.4
12/21/2015,10.4,14.28,6.0
12/20/2015,6.65,10.64,2.19
12/19/2015,4.77,8.48,1.15
12/18/2015,6.59,11.52,2.31
12/17/2015,7.96,12.03,3.82
12/16/2015,8.7,12.59,4.92
12/15/2015,10.79,14.58,6.52
12/14/2015,11.48,15.96,8.0
12/13/2015,12.8,17.25,9.25
12/12/2015,13.93,17.58,11.12
12/11/2015,12.76,16.59,9.28
12/10/2015,12.64,17.25,8.4
12/9/2015,10.93,15.91,6.46
12/8/2015,10.04,14.81,5.8
12/7/2015,9.7,14.78,5.54
12/6/2015,8.99,14.55,4.04
12/5/2015,7.86,13.2,3.59
12/4/2015,7.96,12.36,4.39
12/3/2015,8.48,12.74,5.08
12/2/2015,9.04,13.39,5.48
12/1/2015,8.56,12.2,5.37
11/30/2015,6.56,9.75,3.22
11/29/2015,6.3,9.64,3.61
11/28/2015,8.81,12.68,4.92
11/27/2015,11.08,16.18,6.86
11/26/2015,11.31,15.91,6.93
11/25/2015,9.29,13.45,4.91
11/24/2015,7.73,12.38,2.83
11/23/2015,6.46,11.26,2.22
11/22/2015,7.91,12.58,3.32
11/21/2015,9.18,14.23,4.02
11/20/2015,11.48,17.0,6.14
11/19/2015,13.39,17.96,8.77
11/18/2015,12.71,17.37,7.72
11/17/2015,11.51,16.05,7.29
11/16/2015,12.79,17.6,8.4
11/15/2015,11.39,16.89,6.41
11/14/2015,10.27,15.14,5.67
11/13/2015,11.87,16.41,7.21
11/12/2015,12.57,17.19,8.48
11/11/2015,13.07,17.36,8.66
11/10/2015,12.56,16.22,8.81
11/9/2015,11.66,16.36,7.18
11/8/2015,11.71,16.53,7.19
11/7/2015,14.1,19.07,9.33
11/6/2015,17.08,21.44,13.16
11/5/2015,16.84,20.81,12.89
11/4/2015,15.44,20.44,11.0
11/3/2015,15.64,21.46,10.55
11/2/2015,15.84,20.17,12.02
11/1/2015,14.79,19.01,11.01
10/31/2015,13.77,17.88,10.02
10/30/2015,14.4,18.49,10.35
10/29/2015,16.69,20.92,12.68
10/28/2015,16.59,21.11,11.92
10/27/2015,14.4,18.58,10.66
10/26/2015,14.48,19.18,10.47
10/25/2015,16.13,20.92,12.29
10/24/2015,15.75,20.17,10.95
10/23/2015,16.42,21.2,12.12
10/22/2015,18.36,23.37,13.65
10/21/2015,18.26,24.09,13.27
10/20/2015,16.89,23.02,11.62
10/19/2015,13.47,19.01,8.12
10/18/2015,12.29,17.12,8.32
10/17/2015,13.96,18.3,9.98
10/16/2015,16.55,20.9,12.7
10/15/2015,17.76,23.55,12.85
10/14/2015,18.68,24.28,13.85
10/13/2015,20.28,25.41,15.84
10/12/2015,20.72,27.25,14.93
10/11/2015,19.4,25.89,13.48
10/10/2015,18.49,23.89,13.49
10/9/2015,20.83,26.98,15.94
10/8/2015,20.09,25.31,15.52
10/7/2015,19.59,24.99,15.32
10/6/2015,18.58,24.16,13.78
10/5/2015,17.06,22.03,12.89
10/4/2015,16.37,20.42,12.92
10/3/2015,15.05,18.72,11.79
10/2/2015,15.85,19.81,12.9
10/1/2015,18.13,22.28,15.16
9/30/2015,21.45,26.13,16.78
9/29/2015,22.71,27.28,18.89
9/28/2015,22.34,27.29,18.58
9/27/2015,20.79,25.39,16.62
9/26/2015,21.36,25.74,17.57
9/25/2015,21.96,26.53,18.17
9/24/2015,22.47,28.6,17.01
9/23/2015,21.49,27.83,16.29
9/22/2015,21.02,26.13,16.81
9/21/2015,20.98,25.81,16.51
9/20/2015,22.72,28.04,17.61
9/19/2015,23.0,28.31,18.13
9/18/2015,23.34,28.67,18.52
9/17/2015,23.47,29.02,18.59
9/16/2015,23.06,28.44,17.79
9/15/2015,22.37,27.63,17.27
9/14/2015,20.78,26.14,15.31
9/13/2015,21.31,26.28,16.46
9/12/2015,22.4,26.68,18.64
9/11/2015,23.27,28.47,19.0
9/10/2015,24.13,29.13,20.56
9/9/2015,26.22,31.34,22.0
9/8/2015,26.98,33.0,21.95
9/7/2015,26.24,32.17,21.21
9/6/2015,24.81,30.45,19.55
9/5/2015,23.76,28.89,19.77
9/4/2015,24.7,29.3,20.74
9/3/2015,25.84,31.1,21.63
9/2/2015,25.87,30.7,21.89
9/1/2015,25.77,30.61,21.78
8/31/2015,25.9,30.88,21.47
8/30/2015,25.27,30.65,20.98
8/29/2015,25.06,30.14,20.47
8/28/2015,24.36,29.72,19.02
8/27/2015,23.74,29.08,18.82
8/26/2015,23.94,28.79,19.46
8/25/2015,24.58,29.33,20.67
8/24/2015,24.89,29.87,20.49
8/23/2015,24.56,29.37,19.81
8/22/2015,24.44,29.34,19.8
8/21/2015,24.45,29.3,19.95
8/20/2015,24.43,28.38,21.16
8/19/2015,25.43,30.02,21.59
8/18/2015,26.28,31.46,22.35
8/17/2015,27.16,32.28,22.72
8/16/2015,27.2,33.11,22.24
8/15/2015,26.86,33.21,21.88
8/14/2015,26.43,32.0,21.36
8/13/2015,25.67,31.07,20.47
8/12/2015,25.44,30.61,20.62
8/11/2015,25.08,30.01,21.2
8/10/2015,25.13,29.74,21.29
8/9/2015,25.12,30.42,20.9
8/8/2015,24.69,29.41,20.68
8/7/2015,24.79,29.76,20.31
8/6/2015,25.08,29.45,20.91
8/5/2015,26.32,31.66,21.36
8/4/2015,26.73,32.31,21.03
8/3/2015,26.95,32.11,21.87
8/2/2015,26.88,32.12,21.45
8/1/2015,26.92,32.3,21.73
7/31/2015,27.19,32.72,21.98
7/30/2015,27.11,32.19,22.62
7/29/2015,27.94,33.25,22.83
7/28/2015,27.49,33.09,22.22
7/27/2015,26.41,31.15,22.23
7/26/2015,26.27,31.28,21.86
7/25/2015,26.17,31.2,21.35
7/24/2015,25.84,30.81,20.81
7/23/2015,25.3,30.12,20.78
7/22/2015,25.13,29.59,21.09
7/21/2015,26.73,30.88,22.67
7/20/2015,28.2,32.43,23.7
7/19/2015,28.2,33.29,23.16
7/18/2015,26.07,31.56,22.01
7/17/2015,25.18,30.01,20.7
7/16/2015,23.79,28.61,18.94
7/15/2015,24.51,29.11,20.58
7/14/2015,25.31,29.94,21.21
7/13/2015,25.95,30.24,21.93
7/12/2015,26.09,31.02,21.26
7/11/2015,25.08,29.46,20.68
7/10/2015,24.37,28.63,20.28
7/9/2015,23.71,28.05,20.08
7/8/2015,24.64,28.59,21.32
7/7/2015,25.19,29.64,21.39
7/6/2015,24.85,29.07,21.04
7/5/2015,24.73,29.59,20.29
7/4/2015,23.97,28.27,20.26
7/3/2015,23.88,28.78,19.34
7/2/2015,24.02,28.54,20.06
7/1/2015,24.33,29.42,20.15
6/30/2015,24.92,30.19,20.01
6/29/2015,24.16,29.04,19.56
6/28/2015,22.99,27.83,18.61
6/27/2015,22.63,26.81,18.57
6/26/2015,24.13,28.61,20.37
6/25/2015,25.09,30.23,20.3
6/24/2015,25.1,30.16,20.06
6/23/2015,26.63,31.96,21.61
6/22/2015,25.98,30.75,20.99
6/21/2015,25.63,30.99,21.02
6/20/2015,23.25,28.23,18.94
6/19/2015,24.07,29.17,19.21
6/18/2015,23.19,27.44,19.51
6/17/2015,23.36,27.51,19.29
6/16/2015,23.55,28.23,19.25
6/15/2015,23.59,28.86,19.88
6/14/2015,24.57,29.9,20.19
6/13/2015,24.49,28.85,20.25
6/12/2015,24.38,29.16,20.05
6/11/2015,24.91,29.88,19.82
6/10/2015,24.27,28.92,19.35
6/9/2015,24.38,29.95,19.17
6/8/2015,23.49,29.43,18.12
6/7/2015,21.94,27.14,16.39
6/6/2015,21.27,26.1,16.27
6/5/2015,19.82,24.77,15.83
6/4/2015,19.33,23.9,15.07
6/3/2015,18.7,23.42,14.46
6/2/2015,17.37,21.39,13.52
6/1/2015,17.86,21.82,14.19
5/31/2015,20.94,26.38,15.41
5/30/2015,22.0,27.68,16.94
5/29/2015,22.47,27.71,17.84
5/28/2015,22.75,28.14,17.46
5/27/2015,22.0,27.05,17.91
5/26/2015,21.88,26.66,17.48
5/25/2015,21.42,26.24,16.84
5/24/2015,19.77,24.94,14.45
5/23/2015,17.51,22.97,12.37
5/22/2015,17.22,22.09,12.43
5/21/2015,15.75,19.62,12.63
5/20/2015,16.68,21.31,13.24
5/19/2015,18.13,23.66,13.89
5/18/2015,19.42,24.18,15.42
5/17/2015,21.26,26.06,16.75
5/16/2015,19.56,24.17,15.72
5/15/2015,18.12,23.06,14.12
5/14/2015,16.88,22.15,12.07
5/13/2015,16.43,20.19,12.55
5/12/2015,19.75,24.6,14.98
5/11/2015,20.49,25.34,16.47
5/10/2015,19.76,24.84,14.75
5/9/2015,17.78,22.61,13.76
5/8/2015,19.18,24.75,14.27
5/7/2015,19.18,24.79,13.51
5/6/2015,18.73,23.47,14.55
5/5/2015,19.21,23.7,15.22
5/4/2015,19.44,25.47,13.35
5/3/2015,18.62,25.27,12.44
5/2/2015,17.16,23.88,11.34
5/1/2015,15.88,21.38,10.65
4/30/2015,15.75,21.73,10.35
4/29/2015,16.86,23.6,10.03
4/28/2015,15.58,21.11,10.29
4/27/2015,14.48,19.24,9.7
4/26/2015,13.64,18.69,8.73
4/25/2015,12.73,17.62,8.31
4/24/2015,11.73,16.01,7.72
4/23/2015,12.07,15.94,8.52
4/22/2015,14.17,19.42,10.08
4/21/2015,15.09,19.45,10.59
4/20/2015,14.53,19.28,10.12
4/19/2015,15.7,21.16,11.11
4/18/2015,18.24,24.21,12.62
4/17/2015,17.57,23.31,12.23
4/16/2015,15.27,20.43,10.31
4/15/2015,15.59,21.23,10.47
4/14/2015,15.73,19.83,11.51
4/13/2015,16.76,21.82,11.52
4/12/2015,15.01,21.26,9.2
4/11/2015,14.29,18.44,8.94
4/10/2015,12.77,18.61,7.97
4/9/2015,12.7,17.29,8.78
4/8/2015,12.1,15.69,8.77
4/7/2015,13.51,17.59,9.85
4/6/2015,13.09,18.84,7.83
4/5/2015,12.54,18.14,7.44
4/4/2015,12.59,17.97,7.34
4/3/2015,15.58,19.8,10.67
4/2/2015,14.72,20.31,8.98
4/1/2015,12.63,18.37,7.32
3/31/2015,12.66,17.92,7.8
3/30/2015,12.76,18.88,7.16
3/29/2015,9.3,15.68,2.91
3/28/2015,8.13,13.27,3.32
3/27/2015,10.04,14.89,5.56
3/26/2015,12.69,18.61,7.27
3/25/2015,11.06,16.13,6.36
3/24/2015,8.87,13.7,3.98
3/23/2015,7.65,12.07,3.72
3/22/2015,9.28,13.36,5.54
3/21/2015,10.25,15.36,5.98
3/20/2015,9.02,13.14,6.14
3/19/2015,9.12,13.56,5.54
3/18/2015,8.94,13.0,5.34
3/17/2015,12.88,18.45,7.22
3/16/2015,13.34,20.04,7.77
3/15/2015,12.65,17.7,7.77
3/14/2015,13.05,17.65,8.25
3/13/2015,10.99,15.67,6.42
3/12/2015,11.46,16.03,6.82
3/11/2015,12.17,16.76,7.43
3/10/2015,9.82,15.47,5.59
3/9/2015,9.95,15.27,4.96
3/8/2015,7.94,13.89,1.98
3/7/2015,5.99,12.48,-0.95
3/6/2015,1.17,7.01,-5.0
3/5/2015,1.5,7.48,-3.54
3/4/2015,6.32,11.33,0.88
3/3/2015,4.65,8.92,0.54
3/2/2015,3.88,7.48,0.54
3/1/2015,2.46,5.53,-0.8
2/28/2015,0.35,4.46,-4.36
2/27/2015,-0.24,3.56,-4.14
2/26/2015,0.9,4.65,-2.7
2/25/2015,2.49,7.19,-2.58
2/24/2015,-1.23,3.95,-6.8
2/23/2015,-1.08,4.08,-6.03
2/22/2015,4.36,8.44,0.31
2/21/2015,3.47,8.19,-1.06
2/20/2015,-0.76,3.97,-5.71
2/19/2015,-1.15,3.16,-5.47
2/18/2015,0.79,5.27,-3.97
2/17/2015,0.12,4.62,-4.04
2/16/2015,-1.28,3.09,-5.86
2/15/2015,0.01,4.99,-4.86
2/14/2015,4.1,10.75,-2.44
2/13/2015,1.46,7.0,-3.89
2/12/2015,4.41,9.63,-1.61
2/11/2015,5.6,10.79,0.38
2/10/2015,5.48,10.35,1.51
2/9/2015,5.97,10.25,2.69
2/8/2015,8.84,13.13,5.01
2/7/2015,7.03,11.89,1.84
2/6/2015,2.65,7.83,-2.25
2/5/2015,2.24,7.89,-3.36
2/4/2015,4.89,9.93,-0.29
2/3/2015,1.51,6.05,-2.82
2/2/2015,2.01,7.32,-2.96
2/1/2015,4.81,9.15,-0.53
1/31/2015,2.39,6.36,-1.58
1/30/2015,4.25,7.92,-0.29
1/29/2015,5.84,10.02,1.71
1/28/2015,4.39,9.4,-0.45
1/27/2015,4.04,8.18,0.4
1/26/2015,3.97,8.25,0.18
1/25/2015,6.77,11.79,1.69
1/24/2015,5.94,10.54,2.29
1/23/2015,4.32,7.59,1.11
1/22/2015,4.66,8.18,1.61
1/21/2015,4.86,8.14,1.77
1/20/2015,6.25,10.15,2.68
1/19/2015,7.12,11.7,2.9
1/18/2015,7.15,12.1,2.85
1/17/2015,4.35,9.75,-1.07
1/16/2015,4.51,10.12,-0.9
1/15/2015,3.13,7.35,-0.51
1/14/2015,0.58,4.28,-3.39
1/13/2015,1.05,4.9,-2.35
1/12/2015,4.38,6.84,2.16
1/11/2015,2.99,6.47,-1.02
1/10/2015,-0.91,2.4,-4.05
1/9/2015,0.4,4.09,-2.93
1/8/2015,-2.86,1.88,-7.54
1/7/2015,-1.1,3.77,-6.06
1/6/2015,0.9,5.18,-3.35
1/5/2015,2.32,8.69,-3.49
1/4/2015,6.2,11.81,0.38
1/3/2015,4.3,8.22,0.63
1/2/2015,3.6,7.04,0.31
1/1/2015,1.29,5.07,-2.5
